"STATION","NAME","LATITUDE","LONGITUDE","ELEVATION","DATE","TAVG","TMAX","TMIN","TOBS"
"US1TXKN0168","FAIR OAKS RANCH 2.3 NNW, TX US","29.7664203","-98.6506728","409.7","2025-04-29",,,,
"US1TXCLL033","RICHARDSON 2.2 NW, TX US","32.992101","-96.739666","203.3","2025-04-29",,,,
"US1TXKN0169","BOERNE 3.6 SE, TX US","29.756","-98.6918","427.3","2025-04-29",,,,
"US1TXKN0163","BOERNE 4.2 NNW, TX US","29.853797","-98.74572","477.9","2025-04-29",,,,
"USC00419191","TURKEY, TX US","34.39604","-100.89661","716.9","2025-04-29",,"29.4","13.3","16.1"
"US1TXCLL030","ANNA 3.7 SSW, TX US","33.312697","-96.582716","176.8","2025-04-29",,,,
"US1TXKN0166","BOERNE 11.2 N, TX US","29.954335","-98.7019","407.2","2025-04-29",,,,
"US1TXKN0161","BOERNE 5.6 NNW, TX US","29.8719","-98.7594","522.7","2025-04-29",,,,
"US1TXKN0162","SISTERDALE 8.9 SSE, TX US","30.090201","-98.779443","552.6","2025-04-29",,,,
"US1TXBXR573","SAN ANTONIO 7.2 NE, TX US","29.53927","-98.432003","222.8","2025-04-29",,,,
"US1TXEC0002","ODESSA 8.3 WSW, TX US","31.8448996","-102.4858042","901.3","2025-04-29",,,,
"US1TXKF0017","KAUFMAN 2.4 ESE, TX US","32.565858","-96.271818","128.6","2025-04-29",,,,
"US1TXER0011","STEPHENVILLE 5.4 NE, TX US","32.273769","-98.150492","390.1","2025-04-29",,,,
"US1TXBXR570","LEON VALLEY 3.6 N, TX US","29.54727","-98.603632","288.0","2025-04-29",,,,
"US1TXBXR572","SAN ANTONIO 6.0 ENE, TX US","29.487933","-98.412637","211.8","2025-04-29",,,,
"US1TXEC0007","GARDENDALE 1.1 NE, TX US","32.032929","-102.348462","901.9","2025-04-29",,,,
"US1TXEC0009","ODESSA 1.9 E, TX US","31.87585","-102.31617","878.7","2025-04-29",,,,
"US1TXKF0010","TERRELL 8.2 SSW, TX US","32.627806","-96.35887","130.8","2025-04-29",,,,
"US1TXBST019","BASTROP 7.2 N, TX US","30.215411","-97.328436","128.0","2025-04-29",,,,
"US1TXBST017","WYLDWOOD 8.3 SSW, TX US","30.02874","-97.54961","178.9","2025-04-29",,,,
"US1TXEC0004","ODESSA 4.2 N, TX US","31.9355","-102.3468","920.5","2025-04-29",,,,
"US1TXCLL045","MCKINNEY 7.3 NE, TX US","33.243423","-96.525862","201.5","2025-04-29",,,,
"US1TXBXR567","WINDCREST 2.9 NNW, TX US","29.557436","-98.391935","256.0","2025-04-29",,,,
"US1TXBXR568","HELOTES 7.9 SSW, TX US","29.4670721208634","-98.7564677022239","290.2","2025-04-29",,,,
"USC00413411","GAIL, TX US","32.7744","-101.4539","771.1","2025-04-29",,"31.1","16.1","16.1"
"US1TXBXR560","SHAVANO PARK 0.7 NW, TX US","29.59141","-98.56403","301.8","2025-04-29",,,,
"USC00411239","BURKETT, TX US","31.99538","-99.22778","467.6","2025-04-29",,,,
"US1TXFB0053","KATY 7.3 SSE, TX US","29.708725","-95.757559","31.4","2025-04-29",,,,
"US1TXKF0020","COTTONWOOD 1.3 NE, TX US","32.471614","-96.379008","127.7","2025-04-29",,,,
"US1TXER0008","STEPHENVILLE 0.8 NW, TX US","32.227707","-98.22397","404.8","2025-04-29",,,,
"USC00411250","BURNET, TX US","30.7587","-98.2339","391.7","2025-04-29",,"28.9","21.1","21.1"
"US1TXLK0100","LUBBOCK 4.7 SSW, TX US","33.516588","-101.914562","991.5","2025-04-29",,,,
"US1TXBXR552","HOLLYWOOD PARK 0.5 W, TX US","29.59959","-98.49344","300.8","2025-04-29",,,,
"USC00410394","ASPERMONT, TX US","33.15251","-100.23319","534.6","2025-04-29",,"32.8","15.6","16.7"
"US1TXBST035","BASTROP 5.9 SSW, TX US","30.040288","-97.358071","124.1","2025-04-29",,,,
"US1TXBXR554","SAN ANTONIO 1.3 ESE, TX US","29.45035","-98.48582","208.5","2025-04-29",,,,
"USC00413420","GAINESVILLE 5 ENE, TX US","33.6461","-97.0591","265.2","2025-04-29",,"25.0","20.6","20.6"
"US1TXLR0013","CLEVELAND 3.6 S, TX US","30.2928409576416","-95.0819702148438","42.1","2025-04-29",,,,
"US1TXBXR550","HELOTES 0.7 NW, TX US","29.5755","-98.7005","356.9","2025-04-29",,,,
"US1TXCLL060","LAVON 0.7 NNW, TX US","33.0359","-96.440988","166.7","2025-04-29",,,,
"US1TXLE0024","GIDDINGS 6.0 S, TX US","30.097778","-96.939444","128.0","2025-04-29",,,,
"US1TXCLL069","SACHSE 1.0 NE, TX US","32.9847221374512","-96.5674438476563","159.1","2025-04-29",,,,
"US1TXCLL067","PRINCETON 2.0 SSE, TX US","33.158779","-96.489598","175.0","2025-04-29",,,,
"US1TXFB0073","RICHMOND 4.6 N, TX US","29.647462","-95.757724","27.1","2025-04-29",,,,
"USC00414770","KENT 8 SE, TX US","31.0157","-104.1108","1402.7","2025-04-29",,"31.1","17.8","19.4"
"US1TXBXR540","SAN ANTONIO 7.5 NNW, TX US","29.5632","-98.53204","270.7","2025-04-29",,,,
"USC00412585","DRIPPING SPRINGS 6 E, TX US","30.2195","-97.9879","330.4","2025-04-29",,"29.4","21.1","26.7"
"US1TXFB0077","RICHMOND 2.7 NNE, TX US","29.615206","-95.742944","29.6","2025-04-29",,,,
"USC00415618","MARSHALL, TX US","32.48919","-94.32883","92.0","2025-04-29",,"28.3","20.6","21.7"
"US1TXDS0005","HEREFORD 1.1 N, TX US","34.83859","-102.40139","1171.7","2025-04-29",,,,
"US1TXUP0011","GILMER 4.5 ESE, TX US","32.705157","-94.874916","95.7","2025-04-29",,,,
"US1TXDS0004","HEREFORD 2.4 ENE, TX US","34.835141","-102.358231","1159.8","2025-04-29",,,,
"US1TXLE0020","LEXINGTON 3.1 E, TX US","30.416987","-96.958692","135.9","2025-04-29",,,,
"US1TXUP0013","GILMER 11.5 NW, TX US","32.8543","-95.0769","132.6","2025-04-29",,,,
"US1TXGA0043","SHERMAN 2.5 NW, TX US","33.64086","-96.642992","217.9","2025-04-29",,,,
"US1TXGA0048","BELLS 1.0 SSW, TX US","33.607144","-96.422275","230.1","2025-04-29",,,,
"US1TXFB0083","RICHMOND 2.7 ESE, TX US","29.564719","-95.725017","19.5","2025-04-29",,,,
"US1TXWM0287","LEANDER 0.5 SW MASON HILLS SUBDIVISION, TX US","30.55646","-97.86529","315.5","2025-04-29",,,,
"US1TXGA0049","SHERMAN 5.4 SSE, TX US","33.542495","-96.588505","248.1","2025-04-29",,,,
"US1TXCML280","CANYON LAKE 2.1 ESE, TX US","29.864357129161","-98.2303192798706","316.4","2025-04-29",,,,
"US1TXBXR134","MARION 6.3 SW, TX US","29.492066","-98.191072","196.9","2025-04-29",,,,
"US1TXBXR135","TERRELL HILLS 1.0 NE, TX US","29.485591","-98.433551","225.6","2025-04-29",,,,
"US1TXCML270","NEW BRAUNFELS 8.7 N, TX US","29.8298","-98.1","292.6","2025-04-29",,,,
"US1TXCML272","SPRING BRANCH 4.9 SE, TX US","29.828841","-98.3573258","385.3","2025-04-29",,,,
"US1TXBST051","BASTROP 5.2 SE, TX US","30.054658","-97.249557","120.4","2025-04-29",,,,
"US1TXTV0303","AUSTIN 1.6 NE, TX US","30.324785","-97.734624","206.3","2025-04-29",,,,
"US1TXCML278","CANYON LAKE 6.5 SW, TX US","29.8124","-98.3422","399.0","2025-04-29",,,,
"US1TXWM0270","CEDAR PARK 0.3 SSE, TX US","30.5111","-97.82909","292.6","2025-04-29",,,,
"US1TXFB0090","RICHMOND 2.7 NNW, TX US","29.617718","-95.779184","29.0","2025-04-29",,,,
"US1TXGA0032","VAN ALSTYNE 0.5 S, TX US","33.412573","-96.574428","240.8","2025-04-29",,,,
"US1TXGA0035","HOWE 1.1 S, TX US","33.4974","-96.6166","260.6","2025-04-29",,,,
"US1TXWM0273","CEDAR PARK 3.3 S, TX US","30.467446","-97.824461","301.8","2025-04-29",,,,
"USC00419163","TRUSCOTT 3 W, TX US","33.75707","-99.86187","478.8","2025-04-29",,"29.4","15.6","15.6"
"US1TXGA0037","DENISON 9.9 ESE, TX US","33.70834","-96.40105","165.8","2025-04-29",,,,
"US1TXGA0039","GORDONVILLE 1.0 WNW, TX US","33.80139","-96.86944","225.6","2025-04-29",,,,
"US1TXLR0015","DAYTON 1.1 SE, TX US","30.040319","-94.881529","26.2","2025-04-29",,,,
"US1TXCLL008","PLANO 2.4 WSW, TX US","33.028","-96.783","226.2","2025-04-29",,,,
"US1TXLR0016","DAYTON 10.7 SSE, TX US","29.919204","-94.799108","13.7","2025-04-29",,,,
"US1TXCML291","SPRING BRANCH 3.4 NE, TX US","29.9180877","-98.3701469","319.1","2025-04-29",,,,
"US1TXSR0001","STRATFORD 0.5 ESE, TX US","36.3336","-102.0668","1125.0","2025-04-29",,,,
"USC00411671","CHEAPSIDE, TX US","29.30922","-97.40607","111.3","2025-04-29",,"30.6","22.8","23.9"
"US1TXCML286","SPRING BRANCH 5.0 S, TX US","29.81027","-98.4267","386.5","2025-04-29",,,,
"US1TXLR0020","SPLENDORA 3.9 ENE, TX US","30.2553111","-95.1046629","33.8","2025-04-29",,,,
"US1TXCML282","CANYON LAKE 5.2 NE, TX US","29.935573","-98.212212","352.3","2025-04-29",,,,
"US1TXTV0312","LEANDER 1.4 SSW, TX US","30.545611","-97.873403","317.6","2025-04-29",,,,
"USC00410345","ARMSTRONG 4 SE, TX US","26.8338","-97.7077","7.6","2025-04-29",,"33.3","22.8","23.3"
"US1TXCML284","NEW BRAUNFELS 3.7 W, TX US","29.7127","-98.1778","271.3","2025-04-29",,,,
"US1TXWM0278","GEORGETOWN 6.7 NNW, TX US","30.733291","-97.740503","272.2","2025-04-29",,,,
"US1TXGP0087","SEGUIN 5.1 NW, TX US","29.6225","-98.038333","173.1","2025-04-29",,,,
"US1TXBST049","MCDADE 4.6 SSW, TX US","30.2199","-97.257483","154.8","2025-04-29",,,,
"US1TXTV0318","AUSTIN 7.0 N, TX US","30.404979","-97.770507","258.5","2025-04-29",,,,
"USC00419175","TULIA, TX US","34.55837","-101.72382","1051.6","2025-04-29",,"27.2","11.7","12.2"
"US1TXCML297","NEW BRAUNFELS 1.4 SW, TX US","29.68896","-98.13183","210.6","2025-04-29",,,,
"US1TXGV0101","DICKINSON 1.7 NE, TX US","29.47337","-95.048561","9.1","2025-04-29",,,,
"US1TXCML298","FISCHER 0.6 N, TX US","29.986126","-98.265701","344.7","2025-04-29",,,,
"US1TXGV0103","LEAGUE CITY 2.4 ENE, TX US","29.49897","-95.0713","4.6","2025-04-29",,,,
"US1TXCML292","NEW BRAUNFELS 8.8 NNW, TX US","29.82411","-98.16892","239.3","2025-04-29",,,,
"US1TXBST075","CIRCLE D KC ESTATES 0.9 SE, TX US","30.151683807373","-97.2206420898438","145.4","2025-04-29",,,,
"US1TXCML294","NEW BRAUNFELS 8.9 NW, TX US","29.78164","-98.23686","346.3","2025-04-29",,,,
"US1TXGA0062","TOM BEAN 0.3 W, TX US","33.5212","-96.4884","251.8","2025-04-29",,,,
"US1TXGA0061","SADLER 5.9 NNW, TX US","33.762632","-96.883207","233.5","2025-04-29",,,,
"US1TXGP0093","NEW BRAUNFELS 5.4 ESE, TX US","29.676621","-98.032537","195.7","2025-04-29",,,,
"US1TXGA0055","SHERMAN 0.5 NNE, TX US","33.62537","-96.60717","217.0","2025-04-29",,,,
"US1TXWM0294","GEORGETOWN 4.2 WSW, TX US","30.627934","-97.753562","264.9","2025-04-29",,,,
"US1TXGA0057","TOM BEAN 0.8 NW, TX US","33.527479","-96.49587","248.1","2025-04-29",,,,
"US1TXCLL023","FAIRVIEW 1.5 ESE, TX US","33.13341","-96.60034","187.1","2025-04-29",,,,
"US1TXGA0056","SHERMAN 3.4 NW, TX US","33.65721","-96.64573","247.2","2025-04-29",,,,
"US1TXGA0059","DENISON 1.6 WNW, TX US","33.7655","-96.5894","255.1","2025-04-29",,,,
"US1TXPL0040","LIVINGSTON 5.8 SE, TX US","30.645353","-94.872201","90.2","2025-04-29",,,,
"US1TXTV0326","SUNSET VALLEY 3.6 W, TX US","30.231378","-97.875706","274.9","2025-04-29",,,,
"US1TXCLL026","MCKINNEY 1.6 ESE, TX US","33.19275","-96.62883","184.1","2025-04-29",,,,
"US1TXBST069","CEDAR CREEK 1.0 ENE, TX US","30.09343333","-97.48565","130.1","2025-04-29",,,,
"US1TXCMN001","DE LEON 4.5 W, TX US","32.099809","-98.61301","399.3","2025-04-29",,,,
"USC00413873","HALLETTSVILLE 2 N, TX US","29.4705","-96.9397","83.8","2025-04-29",,"31.1","22.2","28.3"
"US1TXCMN004","COMANCHE 7.0 ENE, TX US","31.93452","-98.49263","370.6","2025-04-29",,,,
"USC00411694","CHILDRESS 2, TX US","34.43856","-100.21862","585.5","2025-04-29",,"30.0","15.6","16.1"
"US1TXTV0333","AUSTIN 6.6 SSW, TX US","30.21334","-97.77586","189.0","2025-04-29",,,,
"USC00414723","KEENE 2 NNW, TX US","32.4222","-97.3375","271.3","2025-04-29",,,,
"USC00413877","HALLSVILLE 4 S, TX US","32.44771","-94.59554","98.1","2025-04-29",,"29.4","20.6","21.1"
"US1TXCMN006","GUSTINE 9.8 E, TX US","31.827375","-98.237081","322.8","2025-04-29",,,,
"US1TXGA0051","DENISON 0.7 SSE, TX US","33.746389","-96.560965","230.7","2025-04-29",,,,
"US1TXGP0029","SCHERTZ 2.2 N, TX US","29.585565","-98.255353","232.6","2025-04-29",,,,
"USW00000209","BOWIE MUNICIPAL AIRPORT, TX US","33.6","-97.783","336.2","2025-04-29",,"27.8","17.2",
"USR0000TMID","MIDLAND TEXAS, TX US","32.0","-102.0","854.0","2025-04-29","25.1","32.2","18.3",
"US1TXMNG098","WILLIS 4.8 WSW, TX US","30.398526","-95.553106","72.8","2025-04-29",,,,
"USR0000TMIL","MILLER CREEK TEXAS, TX US","33.4136","-99.4006","406.9","2025-04-29","21.2","26.7","17.2",
"US1TXTV0343","AUSTIN 4.1 NNW, TX US","30.355789","-97.788708","231.0","2025-04-29",,,,
"USC00417841","RUSK, TX US","31.8093","-95.1428","211.8","2025-04-29",,"26.7","20.6","20.6"
"USC00414333","HOUSTON NATIONAL WEATHER SERVICE OFFICE, TX US","29.4718","-95.0832","5.8","2025-04-29",,"27.2","22.2","23.9"
"USC00416510","ODESSA 5 WSW, TX US","31.8249","-102.4443","899.2","2025-04-29",,,,
"US1TXTV0345","ANDERSON MILL 2.3 SW, TX US","30.4309","-97.8315","274.3","2025-04-29",,,,
"US1TXTV0346","LEANDER 6.4 WNW, TX US","30.5964","-97.9613","326.7","2025-04-29",,,,
"USW00022001","DEL RIO LAUGHLIN AFB, TX US","29.36667","-100.78333","329.8","2025-04-29",,"35.6","21.7",
"US1TXGP0034","MCQUEENEY 0.5 ENE, TX US","29.59955","-98.03549","161.2","2025-04-29",,,,
"US1TXMNG090","CONROE 12.7 SSE, TX US","30.14592","-95.41304","40.8","2025-04-29",,,,
"US1TXMNG093","THE WOODLANDS 4.8 NNW, TX US","30.2229","-95.5171","57.3","2025-04-29",,,,
"USC00412173","CUERO, TX US","29.0893","-97.3432","65.2","2025-04-29",,"31.1","22.2","22.2"
"US1TXTV0351","MANOR 6.2 SE, TX US","30.274173","-97.493995","180.1","2025-04-29",,,,
"US1TXMNG088","THE WOODLANDS 2.9 N, TX US","30.1991497","-95.4874318","46.9","2025-04-29",,,,
"US1TXTV0357","LEANDER 4.5 WNW, TX US","30.5778","-97.9341","338.0","2025-04-29",,,,
"USW00000225","HORSESHOE BAY RESORT AIRPORT, TX US","30.533","-98.367","333.1","2025-04-29",,"31.7","22.2",
"US1TXEP0016","EL PASO 6.0 N, TX US","31.9362","-106.445","1257.9","2025-04-29",,,,
"US1TXTV0359","AUSTIN 10.5 NNE, TX US","30.444972","-97.680947","245.7","2025-04-29",,,,
"USC00412180","CUMBY, TX US","33.1551","-95.8433","189.0","2025-04-29",,"26.7","20.0","21.1"
"USC00417873","SABINAL, TX US","29.32787","-99.46537","290.2","2025-04-29",,,,
"USC00415695","MAYPEARL, TX US","32.3116","-97.0161","167.3","2025-04-29",,,,
"US1TXTV0365","AUSTIN 6.0 NE, TX US","30.36194444","-97.67361111","206.0","2025-04-29",,,,
"US1TXTV0367","TANGLEWOOD FOREST 2.9 NW, TX US","30.205565","-97.870929","254.5","2025-04-29",,,,
"USW00000230","AUSTIN EXECUTIVE AIRPORT, TX US","30.395","-97.567","188.1","2025-04-29",,"31.1","22.8",
"US1TXGP0056","SEGUIN 5.0 SSE, TX US","29.5118991","-97.9377852","158.2","2025-04-29",,,,
"US1TXEP0040","EL PASO 10.7 E, TX US","31.736096","-106.30876","1187.2","2025-04-29",,,,
"US1TXLP0006","KEMPNER 5.2 ESE, TX US","31.063004","-97.91798","311.2","2025-04-29",,,,
"USC00414375","HUNT 10 W, TX US","30.06297","-99.50487","612.6","2025-04-29",,"28.9","18.9","20.0"
"US1TXLP0012","LAMPASAS 2.0 W, TX US","31.0599","-98.2137","346.9","2025-04-29",,,,
"US1TXTV0378","AUSTIN 4.0 NNW, TX US","30.3619","-97.7661","269.1","2025-04-29",,,,
"US1TXLP0011","LOMETA 6.2 ENE, TX US","31.237465","-98.290705","424.6","2025-04-29",,,,
"US1TXLP0010","LOMETA 2.7 WSW, TX US","31.204015","-98.435964","407.2","2025-04-29",,,,
"USW00022016","PANTHER JUNCTION 2 N, TX US","29.3483","-103.2093","1065.0","2025-04-29",,"36.7","22.3",
"US1TXGP0064","SEGUIN 7.6 N, TX US","29.6879","-97.9916","186.5","2025-04-29",,,,
"USW00022010","DEL RIO INTERNATIONAL AIRPORT, TX US","29.3784","-100.92704","305.7","2025-04-29",,"33.9","21.1",
"US1TXTV0371","AUSTIN 3.8 N, TX US","30.36091","-97.76028","260.0","2025-04-29",,,,
"US1TXCLL077","BLUE RIDGE 5.1 ESE, TX US","33.271907","-96.317582","172.8","2025-04-29",,,,
"US1TXEP0051","EL PASO 7.6 SE, TX US","31.772977","-106.344463","1209.1","2025-04-29",,,,
"US1TXLE0015","LEXINGTON 2.3 SSW, TX US","30.384","-97.0256","115.8","2025-04-29",,,,
"US1TXEP0050","RIO BOSQUE WETLANDS PARK, TX US","31.63832","-106.30654","1116.8","2025-04-29",,,,
"US1TXBXR539","HELOTES 4.1 SW, TX US","29.521535","-98.734724","284.4","2025-04-29",,,,
"US1TXLP0017","LAMPASAS 7.5 W, TX US","31.077439","-98.30677","402.3","2025-04-29",,,,
"USC00414782","KERRVILLE 3 NNE, TX US","30.074","-99.1095","547.7","2025-04-29",,"27.8","20.0","20.0"
"US1TXLP0018","COPPERAS COVE 4.6 SW, TX US","31.0795","-97.9655","345.3","2025-04-29",,,,
"US1TXBXR530","SAN ANTONIO 14.8 W, TX US","29.43677","-98.75072","276.1","2025-04-29",,,,
"US1TXTN0180","FORT WORTH 5.6 E, TX US","32.7462179014281","-97.2408436701199","186.2","2025-04-29",,,,
"US1TXBXR532","HOLLYWOOD PARK 5.6 ENE, TX US","29.6346219532874","-98.4015700514527","298.7","2025-04-29",,,,
"US1TXFB0005","SUGAR LAND 1.1 WSW, TX US","29.614304","-95.634029","19.5","2025-04-29",,,,
"US1TXUP0008","BIG SANDY 3.9 E, TX US","32.58543","-95.04561","132.3","2025-04-29",,,,
"US1TXTV0388","AUSTIN 9.5 N, TX US","30.444067","-97.7489042","273.7","2025-04-29",,,,
"USC00411267","BUSHLAND 1 WSW, TX US","35.1866","-102.0797","1164.0","2025-04-29",,"23.9","8.3","8.9"
"USC00412114","CROCKETT, TX US","31.3072","-95.4509","105.8","2025-04-29",,"27.8","21.1","21.1"
"US1TXTN0184","FORT WORTH 5.6 SSW, TX US","32.682968","-97.384344","215.5","2025-04-29",,,,
"USC00416959","PERSIMMON GAP, TX US","29.6602","-103.1736","873.3","2025-04-29",,"37.8","22.2","23.9"
"US1TXHWR004","BIG SPRING 7.1 E, TX US","32.238065","-101.358107","740.7","2025-04-29",,,,
"US1TXTN0197","CROWLEY 6.0 WNW, TX US","32.613333","-97.452222","232.9","2025-04-29",,,,
"US1TXBXR527","SOMERSET 9.7 ESE, TX US","29.184214","-98.503712","194.2","2025-04-29",,,,
"USC00414792","KILLEEN, TX US","31.0658","-97.6919","248.4","2025-04-29",,"30.6","21.7",
"US1TXLP0029","KEMPNER 4.8 ESE, TX US","31.06147","-97.92573","330.7","2025-04-29",,,,
"US1TXTV0395","AUSTIN 1.6 E, TX US","30.3024369452563","-97.7239596164918","180.1","2025-04-29",,,,
"US1TXTN0190","ARLINGTON 3.2 SE, TX US","32.65956","-97.09013","182.3","2025-04-29",,,,
"USC00412121","CROSBYTON, TX US","33.66078","-101.27774","930.2","2025-04-29",,"29.4","13.9","15.0"
"US1TXTN0191","WHITE SETTLEMENT 2.8 W, TX US","32.753133","-97.507615","250.5","2025-04-29",,,,
"US1TXBXR521","HOLLYWOOD PARK 2.4 SE, TX US","29.5706","-98.46105","249.0","2025-04-29",,,,
"US1TXTN0192","KELLER 2.1 NNW, TX US","32.959736","-97.235818","211.2","2025-04-29",,,,
"USC00412125","CROSS, TX US","28.5978","-98.5547","86.9","2025-04-29",,"33.3","22.8","22.8"
"US1TXTV0390","AUSTIN 7.0 N, TX US","30.405784","-97.735027","259.1","2025-04-29",,,,
"US1TXEP0059","EL PASO 11.3 ENE, TX US","31.774382","-106.295397","1221.3","2025-04-29",,,,
"US1TXFB0012","SUGAR LAND 1.0 W, TX US","29.616623","-95.633224","21.9","2025-04-29",,,,
"USW00000263","BOERNE STAGE FIELD AIRPORT, TX US","29.724","-98.695","422.1","2025-04-29",,"27.8","20.0",
"US1TXEP0070","EL PASO 11.2 WNW, TX US","31.8957138061523","-106.619659423828","1148.2","2025-04-29",,,,
"US1TXEP0074","EL PASO 7.8 WNW, TX US","31.8754768371582","-106.567687988281","1218.3","2025-04-29",,,,
"US1TXBXR515","SELMA 0.4 WSW, TX US","29.584258","-98.323906","230.7","2025-04-29",,,,
"US1TXRS0016","HENDERSON 11.1 SSE, TX US","32.01457","-94.70915","146.0","2025-04-29",,,,
"US1TXBXR517","FAIR OAKS RANCH 0.6 E, TX US","29.73593","-98.6255","398.4","2025-04-29",,,,
"US1TXRS0011","KILGORE 1.7 SSW, TX US","32.3637","-94.8739","114.6","2025-04-29",,,,
"USC00415650","MASON, TX US","30.74765","-99.23067","466.6","2025-04-29",,"31.1","21.1",
"US1TXMNG085","MAGNOLIA 4.3 SSW, TX US","30.1515","-95.7702","70.7","2025-04-29",,,,
"USC00412142","CROWELL, TX US","33.9898","-99.73024","454.2","2025-04-29",,,,
"US1TXMNG078","THE WOODLANDS 5.0 NW, TX US","30.216","-95.54006","60.0","2025-04-29",,,,
"USR0000TMCF","MCFADDEN TEXAS, TX US","29.7","-94.1167","1.5","2025-04-29","25.5","27.8","23.9",
"US1TXMNG079","SPRING 4.2 N, TX US","30.122209","-95.386898","39.9","2025-04-29",,,,
"USW00000270","FAITH RANCH AIRPORT, TX US","28.209","-100.019","236.2","2025-04-29",,"37.2","22.8",
"US1TXRS0008","HENDERSON 7.0 SSW, TX US","32.071761","-94.862763","138.1","2025-04-29",,,,
"US1TXFB0022","RICHMOND 4.6 SE, TX US","29.52608","-95.722116","25.3","2025-04-29",,,,
"US1TXWA0045","BRENHAM 11.2 NW, TX US","30.276186","-96.52745","99.1","2025-04-29",,,,
"US1TXWA0043","BRENHAM 1.6 ESE, TX US","30.152301","-96.371542","87.5","2025-04-29",,,,
"US1TXWA0042","CHAPPELL HILL 4.7 SSE, TX US","30.07949","-96.22738","75.3","2025-04-29",,,,
"US1TXKS0014","NORDHEIM 6.8 S, TX US","28.8261733","-97.6263387","110.3","2025-04-29",,,,
"US1TXKS0015","KARNES CITY 4.1 SSW, TX US","28.83221","-97.92788","110.3","2025-04-29",,,,
"US1TXEP0080","EL PASO 8.8 SE, TX US","31.758554","-106.332506","1194.8","2025-04-29",,,,
"US1TXWA0040","CARMINE 1.7 NNW, TX US","30.1726","-96.69651","130.1","2025-04-29",,,,
"US1TXBXR508","HELOTES 7.3 SSW, TX US","29.46936","-98.73601","297.5","2025-04-29",,,,
"US1TXEP0084","EL PASO 7.5 SE, TX US","31.7746496200562","-106.345101445913","1209.8","2025-04-29",,,,
"US1TXGP0014","NEW BERLIN 6.7 SE, TX US","29.40624","-98.01159","185.3","2025-04-29",,,,
"US1TXBXR506","HOLLYWOOD PARK 4.9 ENE, TX US","29.6352934","-98.4146315","311.2","2025-04-29",,,,
"US1TXBXR501","HELOTES 2.7 NE, TX US","29.5935","-98.659","331.3","2025-04-29",,,,
"US1TXBXR500","WINDCREST 1.4 NNE, TX US","29.535415","-98.3691","464.5","2025-04-29",,,,
"USC00415661","MATHIS 4 SSW, TX US","28.0372","-97.8725","42.1","2025-04-29",,"31.1","22.8","23.3"
"US1TXMNG074","MAGNOLIA 5.3 SSW, TX US","30.1358532","-95.7671191","67.7","2025-04-29",,,,
"US1TXBXR502","HOLLYWOOD PARK 2.7 NNW, TX US","29.6368043596909","-98.4976967976583","357.8","2025-04-29",,,,
"USC00416502","ODESSA, TX US","31.8796","-102.3592","887.0","2025-04-29",,,,
"US1TXMNG067","THE WOODLANDS 4.6 NNW, TX US","30.215905","-95.526221","51.2","2025-04-29",,,,
"USC00416506","ODESSA 1 SE, TX US","31.8367","-102.3586","879.7","2025-04-29",,,,
"USC00415658","MATADOR, TX US","34.025","-100.8117","716.6","2025-04-29",,"28.9","12.8","16.1"
"USC00414325","HOUSTON WESTBURY, TX US","29.70032","-95.42916","14.0","2025-04-29",,,,
"USC00417835","RUN AWAY BAY, TX US","33.17111","-97.89806","267.9","2025-04-29",,,,
"US1TXEP0078","EL PASO 1.2 WSW, TX US","31.8428153991699","-106.456489562988","1270.1","2025-04-29",,,,
"US1TXWA0038","BRENHAM 3.8 NNW, TX US","30.21011","-96.42075","94.2","2025-04-29",,,,
"US1TXWA0033","BRENHAM 2.7 NNW, TX US","30.1933","-96.4198","94.5","2025-04-29",,,,
"US1TXMCL025","WACO 7.5 WNW, TX US","31.6052761077881","-97.3030853271484","145.4","2025-04-29",,,,
"US1TXMCL024","WACO 7.5 SW, TX US","31.4809443801641","-97.257287800312","172.5","2025-04-29",,,,
"US1TXRD0050","CANYON 4.2 N, TX US","35.042489","-101.9162883","1110.4","2025-04-29",,,,
"US1TXRD0053","CANYON 3.8 ENE, TX US","35.00472","-101.86111","1103.4","2025-04-29",,,,
"US1TXRD0056","AMARILLO 6.0 SSW, TX US","35.126964","-101.869154","1110.4","2025-04-29",,,,
"US1TXCMR061","BROWNSVILLE 6.4 WNW, TX US","25.9596786499023","-97.576789855957","12.2","2025-04-29",,,,
"USR0000TMAA","MATADOR W.M.A. TEXAS, TX US","34.1333","-100.4167","579.1","2025-04-29","16.5","22.8","14.4",
"USC00417327","PUTNAM, TX US","32.36644","-99.19245","494.1","2025-04-29",,"30.0","20.0","20.6"
"US1TXMDN018","HONDO 8.8 E, TX US","29.353033","-99.011713","309.4","2025-04-29",,,,
"US1TXMDN016","CASTROVILLE 4.0 SW, TX US","29.303414","-98.914581","247.5","2025-04-29",,,,
"US1TXHSK003","RULE 0.5 NW, TX US","33.186956","-99.89936","514.5","2025-04-29",,,,
"US1TXEP0086","EL PASO 5.5 SW, TX US","31.7865581512451","-106.494071960449","1244.8","2025-04-29",,,,
"USR0000TMAS","MASON TEXAS, TX US","30.7358","-99.1861","445.9","2025-04-29","25.6","31.1","20.6",
"USR0000TMAT","MATAGORDA ISLAND TEXAS, TX US","28.1228","-96.8022","11.0","2025-04-29","26.1","28.3","24.4",
"US1TXRD0041","AMARILLO 8.9 SW, TX US","35.126685","-101.944961","1133.6","2025-04-29",,,,
"US1TXMNG121","CONROE 4.5 ESE, TX US","30.291442","-95.4062","61.0","2025-04-29",,,,
"USC00415158","LENORAH, TX US","32.308","-101.8776","867.2","2025-04-29",,,,
"US1TXMNG123","MAGNOLIA 6.5 SSE, TX US","30.13007","-95.69471","57.9","2025-04-29",,,,
"US1TXAG0002","ZAVALLA 2.0 ESE, TX US","31.1464","-94.3856","94.2","2025-04-29",,,,
"US1TXAG0001","LUFKIN 7.0 W, TX US","31.321333","-94.844472","91.1","2025-04-29",,,,
"US1TXDW0007","YOAKUM 6.2 WNW, TX US","29.335384","-97.236318","125.9","2025-04-29",,,,
"US1TXMSN015","MASON 0.7 SSW, TX US","30.740353","-99.237709","486.5","2025-04-29",,,,
"US1TXMCL048","CHINA SPRING 3.3 WNW, TX US","31.667707","-97.361787","190.8","2025-04-29",,,,
"US1TXHYS017","DRIPPING SPRINGS 8.4 W, TX US","30.166634","-98.226313","409.0","2025-04-29",,,,
"USR0000THUN","HUNTSVILLE TEXAS, TX US","30.45","-95.4","108.2","2025-04-29","24.0","27.8","21.7",
"US1TXHYS019","SAN MARCOS 2.9 WNW, TX US","29.902747","-97.970787","228.6","2025-04-29",,,,
"US1TXHLL007","HUBBARD 1.1 WNW, TX US","31.855034","-96.816658","167.9","2025-04-29",,,,
"US1TXHLL008","HILLSBORO 4.9 SSW, TX US","31.942508","-97.1493775","184.7","2025-04-29",,,,
"US1TXCMR085","HARLINGEN 0.4 N, TX US","26.2010173797607","-97.6856231689453","11.3","2025-04-29",,,,
"US1TXBRN010","BROWNWOOD 2.7 SSE, TX US","31.68605","-98.95241","425.2","2025-04-29",,,,
"US1TXMCL040","AXTELL 1.9 SW, TX US","31.63775","-96.99203","143.3","2025-04-29",,,,
"US1TXMSN008","MASON 0.4 W, TX US","30.7496","-99.238","479.1","2025-04-29",,,,
"US1TXKY0025","BRACKETTVILLE 1.8 SSW, TX US","29.292966","-100.416187","337.1","2025-04-29",,,,
"US1TXCMR090","BROWNSVILLE 1.5 WNW, TX US","25.929928","-97.505535","9.8","2025-04-29",,,,
"US1TXMCL059","HEWITT 1.7 NW, TX US","31.471","-97.21092","204.8","2025-04-29",,,,
"US1TXHYS028","MANCHACA 2.1 ENE, TX US","30.1368","-97.86819","226.8","2025-04-29",,,,
"US1TXCML308","NEW BRAUNFELS 3.8 N, TX US","29.75908","-98.11814","249.0","2025-04-29",,,,
"US1TXHRR288","KATY 0.4 SE, TX US","29.794359","-95.817767","48.8","2025-04-29",,,,
"US1TXMCL056","VALLEY MILLS 0.9 ESE, TX US","31.651235","-97.459108","212.8","2025-04-29",,,,
"US1TXMCL054","MCGREGOR 2.9 WSW, TX US","31.44139","-97.42508","223.1","2025-04-29",,,,
"US1TXCMR098","BROWNSVILLE 4.3 NW, TX US","25.970664","-97.528519",,"2025-04-29",,,,
"USC00415183","LEVELLAND, TX US","33.5501","-102.3758","1071.1","2025-04-29",,"32.2","13.9","13.9"
"US1TXCMR094","BROWNSVILLE 12.6 E, TX US","25.947773","-97.281538","1.8","2025-04-29",,,,
"US1TXBRN002","BROWNWOOD 6.7 ENE, TX US","31.755469","-98.869718","447.4","2025-04-29",,,,
"US1TXCMR093","HARLINGEN 4.4 W, TX US","26.201033","-97.756545","12.8","2025-04-29",,,,
"US1TXMDN027","MICO 5.0 E, TX US","29.534379","-98.841015","348.1","2025-04-29",,,,
"US1TXCMR089","BROWNSVILLE 1.7 NNE, TX US","25.9474964141846","-97.4711074829102","7.0","2025-04-29",,,,
"US1TXMDN023","DEVINE 0.4 S, TX US","29.1399633","-98.905306","197.5","2025-04-29",,,,
"US1TXMCL053","LORENA 5.6 N, TX US","31.461934","-97.226426","214.0","2025-04-29",,,,
"US1TXCML305","SPRING BRANCH 8.3 NE, TX US","29.976326","-98.325758","402.0","2025-04-29",,,,
"US1TXHRR294","WEBSTER 3.1 NNW, TX US","29.574588","-95.13657","8.2","2025-04-29",,,,
"US1TXCML307","NEW BRAUNFELS 2.9 WNW, TX US","29.72343","-98.16099","261.8","2025-04-29",,,,
"US1TXCML301","BULVERDE 0.3 S, TX US","29.793754","-98.4217965","381.0","2025-04-29",,,,
"USC00412906","ENCINAL, TX US","27.9774","-99.3847","166.1","2025-04-29",,,,
"US1TXMCL067","RIESEL 2.0 NNE, TX US","31.50138889","-96.9113889","165.8","2025-04-29",,,,
"US1TXCMR021","LOS FRESNOS 0.3 NE, TX US","26.077132","-97.47585","11.0","2025-04-29",,,,
"US1TXMDN054","D HANIS 0.4 NNE, TX US","29.335667","-99.280449","271.0","2025-04-29",,,,
"USC00412082","CRANE, TX US","31.4072","-102.3577","778.5","2025-04-29",,"35.0","21.7","28.9"
"USC00417773","ROSSER, TX US","32.45784","-96.45588","111.6","2025-04-29",,,,
"USC00412086","CRANFILLS GAP, TX US","31.773","-97.8265","298.7","2025-04-29",,,,
"USC00414257","HONEY GROVE, TX US","33.58692","-95.9074","201.8","2025-04-29",,,,
"USC00416436","RANDALL 10 SE, TX US","35.05915","-101.75249","1075.9","2025-04-29",,,,
"US1TXCMR017","BROWNSVILLE 4.1 E, TX US","25.9274","-97.4166","13.1","2025-04-29",,,,
"USC00416433","NORTHFIELD, TX US","34.27937","-100.58825","612.6","2025-04-29",,,,
"USC00416437","NORTH RICHLAND HILLS, TX US","32.81671","-97.21669","160.9","2025-04-29",,,,
"US1TXHYS003","WIMBERLEY 4.4 E, TX US","30.005355","-98.029015","253.0","2025-04-29",,,,
"US1TXHYS007","DRIPPING SPRINGS 4.3 E, TX US","30.1974","-98.016508","385.9","2025-04-29",,,,
"US1TXMDN041","D HANIS 2.4 NNE, TX US","29.3601","-99.2611","285.3","2025-04-29",,,,
"USC00417300","PROCTOR RESERVOIR, TX US","31.9633","-98.4941","372.2","2025-04-29",,,,
"US1TXHYS001","SAN MARCOS 5.8 N, TX US","29.96323","-97.91802","210.0","2025-04-29",,,,
"USC00412088","CRAWFORD, TX US","31.5333","-97.4525","214.9","2025-04-29",,,,
"US1TXMDN044","NATALIA 5.4 SSE, TX US","29.1190719604492","-98.817512512207","189.3","2025-04-29",,,,
"USC00416448","NORTHINGTON RANCH, TX US","29.8648","-98.6582","434.3","2025-04-29",,,,
"US1TXMDN045","HONDO 14.1 ENE, TX US","29.4327","-98.9413","296.6","2025-04-29",,,,
"US1TXMCL074","WACO 3.9 E, TX US","31.577699","-97.117393","125.3","2025-04-29",,,,
"US1TXMCL073","MCGREGOR 5.3 ENE, TX US","31.48507","-97.295742","164.9","2025-04-29",,,,
"US1TXMCL070","WACO 3.4 S, TX US","31.520914","-97.191666","190.8","2025-04-29",,,,
"US1TXMDN075","D HANIS 3.9 WSW, TX US","29.317653","-99.343881","313.0","2025-04-29",,,,
"US1TXMNG111","WILLIS 5.9 WNW, TX US","30.462842","-95.567535","71.0","2025-04-29",,,,
"USC00414278","HORDS CREEK DAM, TX US","31.84555","-99.56068","594.1","2025-04-29",,"31.1","18.3","20.0"
"US1TXMNG113","MAGNOLIA 4.1 E, TX US","30.206249","-95.679622","74.1","2025-04-29",,,,
"US1TXMDN079","HONDO 2.6 NNW, TX US","29.390146","-99.177242","289.9","2025-04-29",,,,
"US1TXMDN077","MICO 5.5 E, TX US","29.537142","-98.832468","355.4","2025-04-29",,,,
"US1TXMNG116","SPLENDORA 3.5 WNW, TX US","30.25366","-95.21494","36.3","2025-04-29",,,,
"US1TXGR0002","JUSTICEBURG 2.4 ENE, TX US","33.049951","-101.162877","709.6","2025-04-29",,,,
"USC00419501","WATER VALLEY 11 NNE, TX US","31.8136","-100.6286","748.3","2025-04-29",,,,
"US1TXCMR051","BROWNSVILLE 0.1 SSE, TX US","25.92316667","-97.48133333","7.9","2025-04-29",,,,
"US1TXRD0029","AMARILLO 7.2 SW, TX US","35.1270751953125","-101.906692504883","1124.4","2025-04-29",,,,
"US1TXMNG101","STAGECOACH 2.4 WSW, TX US","30.132533","-95.748862","70.4","2025-04-29",,,,
"US1TXMDN068","LYTLE 2.2 W, TX US","29.23841","-98.83326","227.7","2025-04-29",,,,
"USC00418646","STILLHOUSE HOLLOW DAM, TX US","31.0372","-97.5283","215.2","2025-04-29",,,,
"US1TXMNG106","STAGECOACH 5.3 WSW, TX US","30.11666","-95.794722","74.1","2025-04-29",,,,
"US1TXMNG107","CONROE 10.4 ENE, TX US","30.372903","-95.306713","82.0","2025-04-29",,,,
"US1TXMNG108","THE WOODLANDS 4.6 NNW, TX US","30.220044","-95.518469","61.6","2025-04-29",,,,
"US1TXMNG109","THE WOODLANDS 2.9 SSE, TX US","30.1214","-95.4656","36.6","2025-04-29",,,,
"US1TXHRR237","WEBSTER 2.8 NNW, TX US","29.572741","-95.127139","7.3","2025-04-29",,,,
"US1TXDN0117","KRUM 0.6 W, TX US","33.265787","-97.240673","223.7","2025-04-29",,,,
"US1TXDN0118","OAK POINT 1.7 E, TX US","33.1858787","-96.9665057","181.4","2025-04-29",,,,
"US1TXHRR238","WEBSTER 3.9 NNW, TX US","29.586487","-95.137906","6.4","2025-04-29",,,,
"US1TXHRR232","HOUSTON 2.1 SSW, TX US","29.739753","-95.397682","15.5","2025-04-29",,,,
"US1TXGA0005","VAN ALSTYNE 0.2 E, TX US","33.420378","-96.570014","241.1","2025-04-29",,,,
"US1TXGA0007","DENISON 0.8 ENE, TX US","33.760806","-96.551384","238.7","2025-04-29",,,,
"US1TXBRT173","BURNET 3.0 SE, TX US","30.735092","-98.190203","414.5","2025-04-29",,,,
"USC00419593","WEST, TX US","31.81183","-97.07961","184.1","2025-04-29",,,,
"US1TXDN0115","DENTON 5.0 NE, TX US","33.259761","-97.064176","173.1","2025-04-29",,,,
"US1TXDN0113","FLOWER MOUND 1.6 NE, TX US","33.046513","-97.076328","184.7","2025-04-29",,,,
"US1TXLK0088","LUBBOCK 6.4 SW, TX US","33.51756","-101.96111","1002.8","2025-04-29",,,,
"US1TXBXR058","HOLLYWOOD PARK 3.3 ENE, TX US","29.609011","-98.431278","278.9","2025-04-29",,,,
"US1TXLK0084","LUBBOCK 3.9 NW, TX US","33.60909","-101.92985","1002.2","2025-04-29",,,,
"US1TXWM0247","ROUND ROCK 3.8 NNW, TX US","30.568875","-97.694563","237.4","2025-04-29",,,,
"US1TXDN0123","ARGYLE 2.2 NE, TX US","33.133239","-97.154383","207.0","2025-04-29",,,,
"US1TXDN0120","FLOWER MOUND 4.8 WNW, TX US","33.04386","-97.173326","196.0","2025-04-29",,,,
"US1TXBRT165","LAMPASAS 10.5 SW, TX US","30.9434","-98.29","471.8","2025-04-29",,,,
"US1TXLK0090","LUBBOCK 5.9 SSW, TX US","33.499865","-101.920271","994.0","2025-04-29",,,,
"US1TXDN0121","ARGYLE 4.1 E, TX US","33.10995","-97.10873","191.4","2025-04-29",,,,
"USC00418274","SHERMAN, TX US","33.7033","-96.6419","231.6","2025-04-29",,"26.1","20.6","21.7"
"US1TXBRT169","BURNET 1.6 NE, TX US","30.77705","-98.21057","431.9","2025-04-29",,,,
"USC00410781","BIG SPRING 5 NE, TX US","32.3738","-101.4177","791.3","2025-04-29",,,,
"US1TXBXR048","HOLLYWOOD PARK 1.7 ESE, TX US","29.59027","-98.457922","269.1","2025-04-29",,,,
"US1TXLK0098","WOLFFORTH 4.4 SE, TX US","33.463949","-101.954209","1001.0","2025-04-29",,,,
"US1TXLK0096","SLATON 0.6 SW, TX US","33.433657","-101.651298","940.9","2025-04-29",,,,
"US1TXBRT172","BURNET 3.9 ENE, TX US","30.7763543","-98.1660267","420.9","2025-04-29",,,,
"US1TXVZ0002","CANTON 4.6 SSW, TX US","32.48625","-95.89277","193.9","2025-04-29",,,,
"US1TXKN0103","BOERNE 8.1 NNW, TX US","29.9069444","-98.7694444","467.0","2025-04-29",,,,
"US1TXWM0261","GEORGETOWN 5.2 NNW, TX US","30.712804","-97.731274","244.1","2025-04-29",,,,
"US1TXWM0265","HUTTO 2.0 WSW, TX US","30.534639","-97.573244","196.9","2025-04-29",,,,
"US1TXVZ0028","WILLS POINT 4.4 NNW, TX US","32.765396","-96.04304","153.9","2025-04-29",,,,
"US1TXTN0203","FORT WORTH 7.5 S, TX US","32.64665","-97.35513","237.1","2025-04-29",,,,
"US1TXPL0018","LIVINGSTON 8.4 W, TX US","30.698418","-95.076545","48.2","2025-04-29",,,,
"US1TXCOO012","SAINT JO 5.9 NNE, TX US","33.7690243","-97.4704913","272.2","2025-04-29",,,,
"US1TXVZ0036","GRAND SALINE 0.8 N, TX US","32.68883","-95.708917","143.0","2025-04-29",,,,
"US1TXGA0020","SHERMAN 5.1 WSW, TX US","33.589393","-96.691144","257.6","2025-04-29",,,,
"USC00413828","GUTHRIE, TX US","33.6266","-100.3369","536.4","2025-04-29",,"31.1","15.6","16.7"
"US1TXCLL101","MCKINNEY 3.1 SW, TX US","33.17062","-96.693817","223.1","2025-04-29",,,,
"US1TXHRR203","HEDWIG VILLAGE 1.1 NNW, TX US","29.7945919036865","-95.5261077880859","25.0","2025-04-29",,,,
"US1TXWM0250","ROUND ROCK 3.3 SE, TX US","30.49","-97.627","240.8","2025-04-29",,,,
"US1TXDN0107","DENTON 1.5 NNE, TX US","33.2344","-97.1204","210.3","2025-04-29",,,,
"US1TXGA0015","GORDONVILLE 3.3 NNW, TX US","33.83638","-96.881713","210.3","2025-04-29",,,,
"US1TXGA0019","SHERMAN 3.6 NW, TX US","33.6543617248535","-96.6551055908203","237.4","2025-04-29",,,,
"US1TXTN0211","WATAUGA 1.1 SSE, TX US","32.856306","-97.243689","186.8","2025-04-29",,,,
"US1TXCLL105","NEVADA 2.0 WNW, TX US","33.0488","-96.4037","173.1","2025-04-29",,,,
"US1TXTN0212","FORT WORTH 6.3 SSW, TX US","32.665549","-97.364964","238.0","2025-04-29",,,,
"US1TXCLL106","ALLEN 1.3 E, TX US","33.1073511","-96.646355","204.2","2025-04-29",,,,
"US1TXBXR027","SCENIC OAKS 0.8 SW, TX US","29.701292","-98.684133","406.9","2025-04-29",,,,
"US1TXDN0102","DENTON 1.2 N, TX US","33.231701","-97.128566","211.2","2025-04-29",,,,
"US1TXVZ0021","CANTON 6.1 W, TX US","32.548405","-95.968627","153.3","2025-04-29",,,,
"US1TXLK0077","LUBBOCK 6.4 NW, TX US","33.63563","-101.9606","999.4","2025-04-29",,,,
"US1TXDW0033","CUERO 5.4 SE, TX US","29.0306","-97.2343","61.3","2025-04-29",,,,
"US1TXKN0126","BOERNE 5.1 SE, TX US","29.747161","-98.665483","407.2","2025-04-29",,,,
"USC00415192","LEWISVILLE DAM, TX US","33.0694","-97.0094","169.5","2025-04-29",,,,
"US1TXHRR276","HOUSTON 7.7 W, TX US","29.756392","-95.515073","20.4","2025-04-29",,,,
"US1TXKN0121","BOERNE 8.0 NE, TX US","29.87416667","-98.63611111","401.1","2025-04-29",,,,
"US1TXGV0092","CRYSTAL BEACH 2.2 ENE, TX US","29.467808","-94.605953","2.1","2025-04-29",,,,
"US1TXHRR278","TAYLOR LAKE VILLAGE 3.7 WNW, TX US","29.5955","-95.1117","6.7","2025-04-29",,,,
"US1TXCSS014","ATLANTA 8.7 W, TX US","33.1243","-94.31387","111.3","2025-04-29",,,,
"US1TXDW0030","CUERO 9.1 ENE, TX US","29.14972222","-97.15027778","89.3","2025-04-29",,,,
"USC00418221","SEYMOUR 3 NW, TX US","33.64187","-99.28943","399.6","2025-04-29",,,,
"US1TXWM0209","GEORGETOWN 5.0 NNW, TX US","30.708026","-97.732582","251.8","2025-04-29",,,,
"US1TXRF0010","WOODSBORO 7.6 SSE, TX US","28.144938","-97.257435","8.5","2025-04-29",,,,
"US1TXWM0202","GEORGETOWN 1.4 SE, TX US","30.630938","-97.671516","228.9","2025-04-29",,,,
"US1TXCML317","NEW BRAUNFELS 1.6 NW, TX US","29.722351","-98.133434","224.0","2025-04-29",,,,
"US1TXCML318","CANYON LAKE 6.4 SSW, TX US","29.78525","-98.286397","369.4","2025-04-29",,,,
"US1TXGV0084","LEAGUE CITY 5.3 E, TX US","29.496753","-95.020059","3.7","2025-04-29",,,,
"US1TXCML311","NEW BRAUNFELS 1.1 SW, TX US","29.69325","-98.12986","201.5","2025-04-29",,,,
"US1TXHRR280","SEABROOK 0.7 NW, TX US","29.586119","-95.001968","3.4","2025-04-29",,,,
"US1TXLK0048","LUBBOCK 13.2 N, TX US","33.766727","-101.875246","1013.5","2025-04-29",,,,
"US1TXKN0118","BOERNE 1.6 E, TX US","29.798384","-98.704845","434.3","2025-04-29",,,,
"USC00410738","BERTRAM 3 ENE, TX US","30.7625","-98.0213","344.1","2025-04-29",,,,
"US1TXKN0119","BOERNE 15.0 NNE, TX US","29.9913","-98.6263","484.0","2025-04-29",,,,
"US1TXGV0088","DICKINSON 0.4 SSW, TX US","29.448894","-95.069311","3.4","2025-04-29",,,,
"US1TXKN0112","BOERNE 13.4 NE, TX US","29.9075306","-98.5506083","352.7","2025-04-29",,,,
"US1TXCSS008","DOUGLASSVILLE 1.5 SE, TX US","33.17885","-94.3302","124.7","2025-04-29",,,,
"US1TXCSS005","ATLANTA 0.3 E, TX US","33.11689","-94.159809","85.0","2025-04-29",,,,
"US1TXKN0110","FAIR OAKS RANCH 1.1 NNW, TX US","29.751073","-98.640211","389.8","2025-04-29",,,,
"USC00417388","RAINBOW, TX US","32.2619","-97.7063","197.5","2025-04-29",,"27.2","20.6","21.1"
"USC00418232","SHALLOWATER, TX US","33.68747","-101.98578","1006.8","2025-04-29",,,,
"USC00419559","WELDER W LIFE FOUNDATION, TX US","28.1136","-97.4177","15.2","2025-04-29",,"28.9","23.9","24.4"
"US1TXKN0106","BOERNE 1.6 ESE, TX US","29.781864","-98.708956","423.1","2025-04-29",,,,
"USR0000TLUF","LUFKIN TEXAS, TX US","31.3131","-94.8261","74.7","2025-04-29","23.9","27.8","20.6",
"US1TXKN0146","BOERNE 8.1 ENE, TX US","29.843946","-98.609996","435.3","2025-04-29",,,,
"US1TXDW0012","CUERO 2.5 ESE, TX US","29.07611111","-97.25194444","57.3","2025-04-29",,,,
"US1TXDW0014","CUERO 2.7 ESE, TX US","29.07744","-97.249158","57.9","2025-04-29",,,,
"US1TXDW0013","CUERO 2.6 ESE, TX US","29.075024","-97.24994","51.8","2025-04-29",,,,
"US1TXKN0142","BOERNE 9.3 ENE, TX US","29.831249","-98.582641","421.8","2025-04-29",,,,
"US1TXWM0221","GEORGETOWN 8.0 WNW, TX US","30.7093","-97.7994","310.9","2025-04-29",,,,
"US1TXHRR257","FRIENDSWOOD 2.6 NE, TX US","29.53979","-95.168481","9.1","2025-04-29",,,,
"US1TXKN0143","BOERNE 11.2 ENE, TX US","29.878083","-98.572251","351.7","2025-04-29",,,,
"US1TXWM0222","HUTTO 0.8 WNW, TX US","30.5494785308838","-97.554443359375","208.2","2025-04-29",,,,
"US1TXDW0015","YORKTOWN 10.7 NNW, TX US","29.123685","-97.581094","133.5","2025-04-29",,,,
"US1TXUV0041","UTOPIA 2.2 WSW, TX US","29.60389","-99.560833","479.1","2025-04-29",,,,
"US1TXDN0134","DENTON 2.6 NE, TX US","33.240561","-97.098997","186.5","2025-04-29",,,,
"US1TXUV0040","CONCAN 4.4 SE, TX US","29.4525","-99.640528","356.0","2025-04-29",,,,
"US1TXUV0043","CONCAN 0.7 S, TX US","29.49067","-99.722016","385.0","2025-04-29",,,,
"US1TXUV0042","KNIPPA 1.2 N, TX US","29.313008","-99.635378","306.9","2025-04-29",,,,
"US1TXDN0137","DENTON 2.3 SSE, TX US","33.182731","-97.120013","204.8","2025-04-29",,,,
"US1TXGV0069","LEAGUE CITY 0.9 WNW, TX US","29.490395","-95.120691","6.7","2025-04-29",,,,
"US1TXNC0005","NACOGDOCHES 9.5 NE, TX US","31.69850731","-94.52358246","110.6","2025-04-29",,,,
"US1TXLK0021","LUBBOCK 3.1 S, TX US","33.5317","-101.8817","982.1","2025-04-29",,,,
"US1TXNC0007","NACOGDOCHES ARBOR OAKS, TX US","31.5676026377936","-94.6816322898718","100.9","2025-04-29",,,,
"US1TXDN0140","CARROLLTON 2.0 NNW, TX US","33.0145","-96.9106","155.1","2025-04-29",,,,
"US1TXGV0061","GALVESTON 3.6 WSW, TX US","29.206723","-94.946477","1.5","2025-04-29",,,,
"US1TXGV0063","FRIENDSWOOD 1.0 SE, TX US","29.50011","-95.18734","7.3","2025-04-29",,,,
"US1TXWM0226","ROUND ROCK 2.5 WNW, TX US","30.525168","-97.712866","237.7","2025-04-29",,,,
"US1TXDW0019","CUERO 8.4 S, TX US","28.9722","-97.2788","62.8","2025-04-29",,,,
"US1TXKN0139","BOERNE 2.2 ESE, TX US","29.781711","-98.697541","417.9","2025-04-29",,,,
"USR0000TDAY","DAYTON TEXAS, TX US","30.105","-94.9314","30.5","2025-04-29","24.1","27.8","21.7",
"USR0000TLRG","SANTA ANA NWR TEXAS, TX US","26.0839","-98.1369","27.4","2025-04-29","27.3","32.8","23.3",
"US1TXMCL014","WACO 1.9 SW, TX US","31.5512657165527","-97.2070693969727","181.7","2025-04-29",,,,
"US1TXKN0130","BOERNE 6.3 NW, TX US","29.867499","-98.795337","489.5","2025-04-29",,,,
"US1TXUV0033","UVALDE 0.9 NW, TX US","29.22363","-99.79755","286.2","2025-04-29",,,,
"US1TXMCL012","CRAWFORD 7.5 ENE, TX US","31.5800800323486","-97.3242568969727","180.4","2025-04-29",,,,
"US1TXDW0027","CUERO 0.6 SSE, TX US","29.0854","-97.284","54.9","2025-04-29",,,,
"US1TXDN0144","OAK POINT 1.4 NNW, TX US","33.199981","-97.005618","171.3","2025-04-29",,,,
"US1TXAG0015","ZAVALLA 3.3 SSW, TX US","31.116106","-94.4454255","87.2","2025-04-29",,,,
"USC00416074","MORTON, TX US","33.7187","-102.75866","1147.9","2025-04-29",,"29.4","12.8","12.8"
"USC00419588","WESLACO, TX US","26.178","-97.9708","22.9","2025-04-29",,"31.7","22.8","23.9"
"US1TXUV0032","UVALDE 16.9 W, TX US","29.224199","-100.06537","294.7","2025-04-29",,,,
"USC00419101","TOWN BLUFF DAM, TX US","30.79303","-94.18195","66.8","2025-04-29",,"28.9","20.6","21.1"
"US1TXMCL018","LORENA 5.2 NW, TX US","31.43833333","-97.27255","199.3","2025-04-29",,,,
"US1TXBXR065","HOLLYWOOD PARK 5.2 NE, TX US","29.647416","-98.417802","314.6","2025-04-29",,,,
"US1TXDW0029","CUERO 7.7 S, TX US","28.98407","-97.26348","75.3","2025-04-29",,,,
"US1TXHRR251","JERSEY VILLAGE 8.5 NW, TX US","29.980034","-95.6624","50.0","2025-04-29",,,,
"US1TXGV0073","GALVESTON 8.3 NE, TX US","29.30144","-94.78169","2.4","2025-04-29",,,,
"US1TXGV0076","DICKINSON 1.7 ENE, TX US","29.464761","-95.041464","4.6","2025-04-29",,,,
"US1TXWM0219","ROUND ROCK 1.3 ESE, TX US","30.51214","-97.650886","210.9","2025-04-29",,,,
"US1TXCLM004","SANTA ANNA 3.7 NNW, TX US","31.785027","-99.353319","519.4","2025-04-29",,,,
"US1TXWD0004","QUITMAN 6.9 N, TX US","32.894885","-95.435434","133.5","2025-04-29",,,,
"US1TXKN0042","BOERNE 5.2 ENE, TX US","29.826","-98.653","459.9","2025-04-29",,,,
"US1TXWD0008","HAWKINS 2.6 N, TX US","32.629034","-95.199085","137.2","2025-04-29",,,,
"US1TXTY0033","ABILENE 5.2 WNW, TX US","32.4787057","-99.8234967","529.1","2025-04-29",,,,
"US1TXWD0002","WINNSBORO 0.7 SSW, TX US","32.947033","-95.296006","150.9","2025-04-29",,,,
"USC00410493","BALLINGER 2 NW, TX US","31.7413","-99.9763","518.2","2025-04-29",,"32.8","20.0","20.6"
"US1TXBXR452","HELOTES 6.4 SSW, TX US","29.490508","-98.751685","314.9","2025-04-29",,,,
"US1TXBWE001","DE KALB 0.1 SSW, TX US","33.5058","-94.6173","125.3","2025-04-29",,,,
"US1TXTY0028","ABILENE 5.2 SSW, TX US","32.383237","-99.766715","546.8","2025-04-29",,,,
"US1TXGV0049","LA MARQUE 3.9 SE, TX US","29.333967","-94.939934","1.8","2025-04-29",,,,
"USC00410011","DALHART 2 SE, TX US","36.0542","-102.5028","1211.9","2025-04-29",,"26.7","7.2",
"USC00410012","ABERNATHY, TX US","33.84105","-101.85083","1023.8","2025-04-29",,"32.2","13.9","15.0"
"US1TXTY0026","ABILENE 6.4 ESE, TX US","32.431906","-99.632613","247.8","2025-04-29",,,,
"USC00410013","ABILENE 6 ESE, TX US","32.43176","-99.63262","549.2","2025-04-29",,"30.6","20.0","20.6"
"US1TXEL0080","WAXAHACHIE 9.6 SW, TX US","32.30103","-96.95749","187.5","2025-04-29",,,,
"USC00413525","GIDDINGS 5 E, TX US","30.1872","-96.8594","167.6","2025-04-29",,,,
"USC00415701","MCALLEN, TX US","26.19222","-98.25028","33.5","2025-04-29",,"32.2","23.3","24.4"
"US1TXBWE007","DE KALB 1.9 E, TX US","33.504379","-94.58321","121.6","2025-04-29",,,,
"US1TXAS0034","BELLVILLE 1.9 W, TX US","29.947872","-96.290494","64.9","2025-04-29",,,,
"USC00415707","MCCAMEY, TX US","31.1331","-102.2218","750.1","2025-04-29",,"34.4","20.6","22.8"
"US1TXAS0033","CAT SPRING 3.7 N, TX US","29.8984","-96.336","87.8","2025-04-29",,,,
"US1TXLK0003","LUBBOCK 4.7 WNW, TX US","33.589125","-101.95505","999.1","2025-04-29",,,,
"US1TXGV0044","BACLIFF 0.5 SSE, TX US","29.501437","-94.9897979","4.6","2025-04-29",,,,
"US1TXEL0069","WAXAHACHIE 9.7 SW, TX US","32.29585","-96.9526","178.0","2025-04-29",,,,
"US1TXEL0068","WAXAHACHIE 2.0 NE, TX US","32.42388154","-96.8231361","185.3","2025-04-29",,,,
"US1TXWS0013","PARADISE 6.6 SW, TX US","33.0820131","-97.7667332","262.1","2025-04-29",,,,
"US1TXWS0015","RUNAWAY BAY 0.7 SSW, TX US","33.165748","-97.872689","258.8","2025-04-29",,,,
"US1TXWS0014","SPRINGTOWN 6.0 NW, TX US","33.025792","-97.760402","281.3","2025-04-29",,,,
"US1TXBXR448","TIMBERWOOD PARK 5.9 SE, TX US","29.654179","-98.40013","308.8","2025-04-29",,,,
"US1TXJO0009","MERKEL 8.5 ENE, TX US","32.528431","-99.88604","522.4","2025-04-29",,,,
"USW00023040","WINK FAA AIRPORT, TX US","31.78011","-103.2017","858.3","2025-04-29",,"33.9","17.2",
"USW00023042","LUBBOCK INTERNATIONAL AIRPORT, TX US","33.66578","-101.8233","993.2","2025-04-29","20.0","24.4","13.9",
"US1TXJO0005","ABILENE 13.0 NNE, TX US","32.6167","-99.6251","504.4","2025-04-29",,,,
"US1TXJO0006","HAMLIN 0.6 WSW, TX US","32.885514","-100.142058","528.2","2025-04-29",,,,
"US1TXEL0073","CEDAR HILL 3.9 SW, TX US","32.5405","-97.00385","237.4","2025-04-29",,,,
"US1TXAS0024","NEW ULM 6.2 NNW, TX US","29.9754","-96.5256","109.4","2025-04-29",,,,
"US1TXEL0072","ENNIS 7.1 NE, TX US","32.404374","-96.535966","116.1","2025-04-29",,,,
"US1TXAS0021","SEALY 1.7 NNE, TX US","29.796715","-96.145228","50.9","2025-04-29",,,,
"US1TXGV0051","LA MARQUE 1.8 E, TX US","29.363333","-94.964371","3.0","2025-04-29",,,,
"US1TXAS0022","BELLVILLE 4.3 NW, TX US","29.9854","-96.3148","99.1","2025-04-29",,,,
"US1TXEL0078","MIDLOTHIAN 1.5 SSE, TX US","32.47391","-96.98988","230.7","2025-04-29",,,,
"US1TXAS0027","BELLVILLE 6.9 W, TX US","29.9485421","-96.3733893","69.5","2025-04-29",,,,
"US1TXKN0028","BOERNE 8.5 NNW, TX US","29.910117","-98.762533","485.5","2025-04-29",,,,
"USW00023044","EL PASO INTERNATIONAL AIRPORT, TX US","31.81234","-106.37737","1202.1","2025-04-29","22.8","28.9","12.8",
"US1TXLK0014","LUBBOCK 5.3 SSW, TX US","33.511535","-101.92604","990.0","2025-04-29",,,,
"USW00023047","AMARILLO AIRPORT, TX US","35.22027","-101.71733","1099.3","2025-04-29","14.5","17.8","9.4",
"US1TXAS0026","SEALY 9.6 NW, TX US","29.875864","-96.260142","68.6","2025-04-29",,,,
"US1TXEL0059","OVILLA 1.7 SSW, TX US","32.518837","-96.906807","224.6","2025-04-29",,,,
"US1TXEL0058","ENNIS 2.0 S, TX US","32.308671","-96.634301","158.2","2025-04-29",,,,
"US1TXAS0019","BELLVILLE 7.8 SSW, TX US","29.8488485","-96.3238811","96.9","2025-04-29",,,,
"US1TXFY0078","WEST POINT 1.8 WNW, TX US","29.94974","-97.06583","116.4","2025-04-29",,,,
"US1TXFY0076","WEST POINT 0.6 NE, TX US","29.950483","-97.029787","91.4","2025-04-29",,,,
"US1TXKN0066","COMFORT 7.0 ENE, TX US","30.0046","-98.7915","510.5","2025-04-29",,,,
"US1TXWS0007","DECATUR 8.4 S, TX US","33.112191","-97.590808","211.8","2025-04-29",,,,
"US1TXFY0075","SCHULENBURG 9.0 WNW, TX US","29.753648","-97.032151","135.6","2025-04-29",,,,
"US1TXKN0060","BOERNE 8.4 ENE, TX US","29.82444444","-98.59666667","436.5","2025-04-29",,,,
"US1TXFY0073","ROUND TOP 3.7 SE, TX US","30.02523","-96.654","124.1","2025-04-29",,,,
"US1TXFY0072","WEST POINT 3.7 S, TX US","29.8895","-97.03259","102.4","2025-04-29",,,,
"US1TXFY0070","MULDOON 3.5 ESE, TX US","29.78847","-97.02237","131.7","2025-04-29",,,,
"US1TXBXR434","TIMBERWOOD PARK 4.5 E, TX US","29.712403","-98.403796","357.5","2025-04-29",,,,
"US1TXBXR437","LEON VALLEY 3.3 N, TX US","29.542089","-98.617813","284.4","2025-04-29",,,,
"USC00410040","ACTON RANCH, TX US","30.33696","-101.2503","612.6","2025-04-29",,,,
"US1TXBXR436","CROSS MOUNTAIN 1.6 WNW, TX US","29.653481","-98.683394","419.7","2025-04-29",,,,
"USC00415721","MCCOOK, TX US","26.565","-98.1236","67.1","2025-04-29",,"32.8","22.8","23.3"
"USC00414878","KOUNTZE, TX US","30.375","-94.2994","18.6","2025-04-29",,,,
"USW00023072","CLARENDON, TX US","34.96147","-100.85111","833.0","2025-04-29",,,,
"US1TXEL0063","WAXAHACHIE 8.7 SW, TX US","32.31096","-96.9485","185.3","2025-04-29",,,,
"US1TXEL0062","OVILLA 2.6 S, TX US","32.5026808","-96.892113299","223.1","2025-04-29",,,,
"US1TXEL0065","MIDLOTHIAN 3.0 E, TX US","32.4921185","-96.9469542","228.0","2025-04-29",,,,
"US1TXEL0064","WAXAHACHIE 4.7 E, TX US","32.396178","-96.772401","160.6","2025-04-29",,,,
"US1TXAS0015","BELLVILLE 6.5 NNE, TX US","30.034102","-96.220877","79.2","2025-04-29",,,,
"US1TXEL0049","ENNIS 1.1 NNE, TX US","32.352723","-96.620377","159.1","2025-04-29",,,,
"US1TXWD0015","MINEOLA 4.1 WNW, TX US","32.69888","-95.548295","118.3","2025-04-29",,,,
"US1TXAS0007","SEALY 1.9 NNE, TX US","29.796711","-96.139374","53.6","2025-04-29",,,,
"US1TXBXR427","SAN ANTONIO 8.0 NNW, TX US","29.57056","-98.5361","275.8","2025-04-29",,,,
"US1TXHNT009","GREENVILLE 3.2 S, TX US","33.070804","-96.091424","166.7","2025-04-29",,,,
"US1TXFY0080","SCHULENBURG 0.2 SSE, TX US","29.6788099","-96.9055613","102.4","2025-04-29",,,,
"US1TXEL0052","WAXAHACHIE 5.3 NNW, TX US","32.477962","-96.888957","218.5","2025-04-29",,,,
"US1TXEL0051","WAXAHACHIE 4.1 NNE, TX US","32.45775","-96.814505","187.1","2025-04-29",,,,
"US1TXEL0050","WAXAHACHIE 7.6 SW, TX US","32.3231","-96.9346","205.4","2025-04-29",,,,
"US1TXAS0005","SEALY 0.3 WNW, TX US","29.775671","-96.158141","59.1","2025-04-29",,,,
"US1TXAS0006","SAN FELIPE 1.0 WNW, TX US","29.8028926276908","-96.121105402708","55.8","2025-04-29",,,,
"US1TXEL0054","FERRIS 3.6 E, TX US","32.53717","-96.60192","135.6","2025-04-29",,,,
"US1TXGV0034","LEAGUE CITY 2.7 NE, TX US","29.540703","-95.069822","5.5","2025-04-29",,,,
"US1TXAS0004","BELLVILLE 0.4 NE, TX US","29.9515","-96.254409","84.4","2025-04-29",,,,
"US1TXCLL112","MCKINNEY 3.7 NW, TX US","33.241665","-96.695919","214.3","2025-04-29",,,,
"US1TXHRR314","HEDWIG VILLAGE 2.0 SW, TX US","29.760006","-95.54421","22.9","2025-04-29",,,,
"US1TXEL0037","MIDLOTHIAN 6.2 S, TX US","32.404621","-97.012957","234.1","2025-04-29",,,,
"US1TXBRT137","BURNET 5.9 ENE, TX US","30.79774","-98.140909","387.7","2025-04-29",,,,
"US1TXCLL118","PLANO 1.8 WSW, TX US","33.036055","-96.774704","230.1","2025-04-29",,,,
"US1TXBRT131","BURNET 10.9 WSW, TX US","30.6777","-98.38567","378.0","2025-04-29",,,,
"US1TXCLL116","MCKINNEY 3.3 SSW, TX US","33.159744","-96.682963","222.8","2025-04-29",,,,
"US1TXBRT134","SPICEWOOD 2.9 NNE, TX US","30.5169","-98.14517","255.1","2025-04-29",,,,
"US1TXHRR317","HILSHIRE VILLAGE 2.7 NNE, TX US","29.823866","-95.464379","21.9","2025-04-29",,,,
"US1TXBRT135","SPICEWOOD 3.4 WSW, TX US","30.449609","-98.204981","365.8","2025-04-29",,,,
"US1TXBXR497","SAN ANTONIO 12.9 W, TX US","29.42806","-98.7164","240.2","2025-04-29",,,,
"US1TXBXR015","LACKLAND AFB 3.5 SSE, TX US","29.3387","-98.5987","209.1","2025-04-29",,,,
"US1TXBXR498","FAIR OAKS RANCH 0.5 ENE, TX US","29.7397","-98.62905","394.7","2025-04-29",,,,
"US1TXBXR493","CONVERSE 1.0 NW, TX US","29.5231","-98.3251","233.2","2025-04-29",,,,
"USW00023091","FORT STOCKTON PECOS CO AIRPORT, TX US","30.91193","-102.91714","917.6","2025-04-29",,"30.6","20.6",
"US1TXBXR495","SHAVANO PARK 2.1 NE, TX US","29.6088187","-98.533822","313.9","2025-04-29",,,,
"US1TXGV0009","DICKINSON 1.4 W, TX US","29.45549","-95.088872","10.1","2025-04-29",,,,
"USC00414810","KINGSVILLE, TX US","27.5311","-97.8497","17.4","2025-04-29",,"32.2","23.9","25.6"
"US1TXEL0041","WAXAHACHIE 1.7 ENE, TX US","32.41993","-96.82787","188.1","2025-04-29",,,,
"US1TXKL0002","KINGSVILLE 6.5 SSE, TX US","27.42138889","-97.82361111","18.0","2025-04-29",,,,
"US1TXEL0043","WAXAHACHIE 8.5 SW, TX US","32.315013","-96.94892","188.1","2025-04-29",,,,
"US1TXBRT126","BERTRAM 6.1 SW, TX US","30.6952","-98.1419","423.4","2025-04-29",,,,
"US1TXCLL122","MCKINNEY 5.0 W, TX US","33.19987","-96.7412","231.6","2025-04-29",,,,
"US1TXPC0022","FORT STOCKTON 4.1 WNW, TX US","30.9184","-102.9477","905.6","2025-04-29",,,,
"US1TXKN0073","FAIR OAKS RANCH 1.8 NW, TX US","29.7571697235107","-98.6527252197266","398.4","2025-04-29",,,,
"US1TXBRT120","BURNET 5.0 NNW, TX US","30.829718","-98.256664","470.0","2025-04-29",,,,
"US1TXBRT122","BURNET 2.8 W, TX US","30.768918","-98.275723","480.4","2025-04-29",,,,
"US1TXHRR306","KINGWOOD 2.4 W, TX US","30.0592","-95.2262","22.9","2025-04-29",,,,
"US1TXCLL125","PLANO 4.3 SW, TX US","32.99607","-96.791868","192.3","2025-04-29",,,,
"USC00413972","HART, TX US","34.3697","-102.1175","1116.5","2025-04-29",,"26.1","10.0","11.1"
"US1TXBXR482","SAN ANTONIO 6.0 NNW, TX US","29.538045","-98.54239","258.2","2025-04-29",,,,
"US1TXBXR484","GREY FOREST 0.1 SE, TX US","29.612484","-98.680867","344.7","2025-04-29",,,,
"US1TXDK0002","DICKENS 1.5 W, TX US","33.619396","-100.861245","745.2","2025-04-29",,,,
"USC00419295","VAN HORN, TX US","31.0417","-104.8372","1239.0","2025-04-29",,"31.7","14.4","16.1"
"US1TXCLL131","PRINCETON 2.0 S, TX US","33.156729","-96.50757","172.2","2025-04-29",,,,
"US1TXBRT152","OATMEAL 1.7 S, TX US","30.668123","-98.1053001","422.5","2025-04-29",,,,
"US1TXBRT151","BURNET 0.8 ENE, TX US","30.766021","-98.217923","413.6","2025-04-29",,,,
"US1TXBRT154","SPICEWOOD 3.1 NNE, TX US","30.51771","-98.13653","227.7","2025-04-29",,,,
"US1TXBRT153","BURNET 9.6 NW, TX US","30.86","-98.3444","395.3","2025-04-29",,,,
"US1TXBRT156","MARBLE FALLS 0.7 NNE, TX US","30.58817","-98.266263","287.4","2025-04-29",,,,
"US1TXBRT155","MARBLE FALLS 2.1 NE, TX US","30.6034","-98.25135","272.8","2025-04-29",,,,
"US1TXBRT157","BURNET 10.0 W, TX US","30.75224","-98.3979","280.1","2025-04-29",,,,
"US1TXBXR474","SAN ANTONIO 7.0 NE, TX US","29.5363","-98.4318","222.2","2025-04-29",,,,
"USW00003024","BORGER HUTCHINSON CO AIRPORT, TX US","35.69502","-101.39551","926.8","2025-04-29",,"19.4","11.1",
"US1TXBXR477","HELOTES 2.7 SW, TX US","29.54364","-98.72887","308.5","2025-04-29",,,,
"US1TXBXR471","HELOTES 6.6 SSW, TX US","29.48043","-98.73877","297.5","2025-04-29",,,,
"US1TXBRT161","OAKALLA 1.8 E, TX US","30.982195","-97.889848","284.1","2025-04-29",,,,
"US1TXBRT160","KINGSLAND 1.2 ENE, TX US","30.670445","-98.435098","260.6","2025-04-29",,,,
"USR0000TATH","ATHENS TEXAS, TX US","32.2211","-95.7661","143.3","2025-04-29","24.1","27.8","21.7",
"USC00413507","GEORGETOWN LAKE, TX US","30.6763","-97.7208","266.4","2025-04-29",,,,
"US1TXHDD002","GRANBURY 3.5 NNW, TX US","32.484062","-97.816514","216.1","2025-04-29",,,,
"USC00413508","GEORGE WEST 2 SSW, TX US","28.3063","-98.1222","68.6","2025-04-29",,,,
"US1TXHDD006","GRANBURY 3.9 SSW, TX US","32.388975","-97.814609","291.4","2025-04-29",,,,
"US1TXEL0020","OAK LEAF 0.6 NNE, TX US","32.527886","-96.845059","186.5","2025-04-29",,,,
"US1TXAD0002","ANDREWS 26.7 SW, TX US","32.053333","-102.8796","973.5","2025-04-29",,,,
"USR0000TATT","ATTWATER NWR TEXAS, TX US","29.6617","-96.2597","12.5","2025-04-29","24.2","28.9","21.1",
"US1TXKN0099","PIPE CREEK 5.5 NNE, TX US","29.800097","-98.915154","465.7","2025-04-29",,,,
"US1TXHDD020","GRANBURY 3.4 SE, TX US","32.40334","-97.74801","226.8","2025-04-29",,,,
"US1TXKN0094","BOERNE 7.8 NE, TX US","29.8822631835938","-98.6494979858398","385.9","2025-04-29",,,,
"US1TXBRT145","BURNET 4.4 W, TX US","30.7619","-98.30433","350.5","2025-04-29",,,,
"US1TXBXR468","HELOTES 6.7 SSW, TX US","29.4813","-98.7442","308.2","2025-04-29",,,,
"US1TXBRT144","BERTRAM 4.9 NE, TX US","30.7862","-97.99071","347.5","2025-04-29",,,,
"US1TXCLB003","VAN HORN 6.0 ENE, TX US","31.061294","-104.736904","1169.2","2025-04-29",,,,
"US1TXBWE015","DE KALB 3.3 SE, TX US","33.4777","-94.5712","114.6","2025-04-29",,,,
"USC00413992","HASKELL, TX US","33.16448","-99.73896","484.6","2025-04-29",,"31.1","16.7","17.8"
"USC00411337","CALLIHAM, TX US","28.4657","-98.3539","66.4","2025-04-29",,"32.8","22.8","22.8"
"USW00003032","DRYDEN TERRELL CO AIRPORT, TX US","30.048172","-102.21266","701.0","2025-04-29",,"33.9","20.6",
"USW00003031","ODESSA SCHLEMEYER FIELD, TX US","31.925","-102.38743","909.3","2025-04-29",,"31.1","16.7",
"US1TXBWE011","NEW BOSTON 0.8 NNE, TX US","33.470198","-94.411006","116.4","2025-04-29",,,,
"US1TXBWE010","TEXARKANA 6.1 WSW, TX US","33.408047","-94.170652","86.6","2025-04-29",,,,
"US1TXLM0008","PARIS 4.2 NE, TX US","33.7158","-95.50368","163.1","2025-04-29",,,,
"US1TXPT0024","AMARILLO 3.1 N, TX US","35.2467","-101.8224","1088.1","2025-04-29",,,,
"US1TXPT0026","AMARILLO 10.0 W, TX US","35.204159","-101.994987","1153.1","2025-04-29",,,,
"US1TXTV0218","ONION CREEK 3.2 ENE, TX US","30.1589279174805","-97.7373046875","169.8","2025-04-29",,,,
"USC00415303","LOMA ALTA, TX US","28.1569","-98.5141","132.6","2025-04-29",,,,
"USC00414458","INGRAM 2 NW, TX US","30.0933","-99.2449","545.3","2025-04-29",,,,
"US1TXPT0017","AMARILLO 5.9 WSW, TX US","35.184479","-101.920712","1132.9","2025-04-29",,,,
"US1TXLM0013","POWDERLY 3.9 SW, TX US","33.76596","-95.5660737","163.4","2025-04-29",,,,
"USC00418818","TAHOKA, TX US","33.17","-101.80999","948.5","2025-04-29",,"32.8","15.6","17.8"
"US1TXWB0009","EL CENIZO 8.8 E, TX US","27.3159","-99.361","145.1","2025-04-29",,,,
"US1TXMDN087","HONDO 1.0 ESE, TX US","29.352189","-99.142656","264.9","2025-04-29",,,,
"US1TXTV0228","AUSTIN 9.8 WSW, TX US","30.2413787841797","-97.8962020874023","313.0","2025-04-29",,,,
"US1TXMDN084","CASTROVILLE 5.7 NNE, TX US","29.425994","-98.843555","307.2","2025-04-29",,,,
"US1TXMDN085","CASTROVILLE 5.8 W, TX US","29.345091","-98.969858","294.1","2025-04-29",,,,
"USC00417983","SAN MARCOS, TX US","29.8832","-97.9494","202.7","2025-04-29",,"30.6","21.7","22.2"
"US1TXTL0007","DRYDEN 23.0 SE, TX US","29.889384","-101.798511","450.5","2025-04-29",,,,
"USC00417981","SAN MANUEL, TX US","26.565","-98.11884","22.9","2025-04-29",,"32.8","23.3","23.9"
"US1TXMDN081","DUNLAY 1.4 SE, TX US","29.33415","-98.974679","300.5","2025-04-29",,,,
"USC00416644","OLTON, TX US","34.17956","-102.1351","1100.6","2025-04-29",,"29.4","12.8","12.8"
"USC00413133","FERRIS, TX US","32.5338","-96.6608","143.3","2025-04-29",,"28.9","19.4","20.6"
"USW00063904","TAYLOR MUNICIPAL AIRPORT, TX US","30.57263","-97.44319","182.9","2025-04-29",,"30.6","22.2",
"US1TXCMR101","SAN BENITO 0.9 SSE, TX US","26.1243521","-97.63061","10.4","2025-04-29",,,,
"US1TXCMR100","HARLINGEN 6.2 WSW, TX US","26.163527","-97.780598","16.2","2025-04-29",,,,
"USW00000349","ANDREWS CO AIRPORT, TX US","32.331","-102.53","967.1","2025-04-29",,"33.3","15.6",
"US1TXCMR121","HARLINGEN 4.2 W, TX US","26.20491","-97.75243","13.4","2025-04-29",,,,
"US1TXCMR120","HARLINGEN 1.1 NE, TX US","26.20408","-97.67229","11.0","2025-04-29",,,,
"USC00417994","SAN SABA 7 NW, TX US","31.2841","-98.7588","405.4","2025-04-29",,"30.6","20.6","20.6"
"US1TXWB0012","LAREDO 1.8 N, TX US","27.560331","-99.483452","144.2","2025-04-29",,,,
"USW00000357","HAMILTON MUNICIPAL AIRPORT, TX US","31.666","-98.149","396.2","2025-04-29",,"29.4","18.3",
"USW00000351","CAMERON MUNICIPAL AIRPORT, TX US","30.879","-96.971","123.1","2025-04-29",,"30.0","21.7",
"US1TXMLS007","MULLIN 7.7 SW, TX US","31.46603","-98.74353","427.6","2025-04-29",,,,
"US1TXCMR132","SOUTH PADRE ISLAND 1.6 NNW, TX US","26.133652","-97.175132","1.5","2025-04-29",,,,
"US1TXCMR130","LAGUNA VISTA 0.7 NW, TX US","26.108764","-97.30102","3.4","2025-04-29",,,,
"US1TXMLS002","MULLIN 3.9 WSW, TX US","31.52797","-98.72429","418.2","2025-04-29",,,,
"USC00415341","LONGVIEW, TX US","32.4725","-94.7172","100.6","2025-04-29",,"29.4","17.8","17.8"
"USC00413156","FISCHERS STORE, TX US","29.9745","-98.267","359.7","2025-04-29",,,,
"USW00000362","GATESVILLE MUNICIPAL AIRPORT, TX US","31.417","-97.8","276.1","2025-04-29",,"22.8","22.8",
"US1TXBXR417","SHAVANO PARK 3.8 WSW, TX US","29.559402","-98.611155","298.4","2025-04-29",,,,
"US1TXVV0037","COMSTOCK 0.2 NE, TX US","29.68617","-101.17183","484.3","2025-04-29",,,,
"US1TXVV0034","DEL RIO 1.9 WNW, TX US","29.39133","-100.92295","310.3","2025-04-29",,,,
"US1TXRK0006","ROCKWALL 3.1 SSW, TX US","32.8831558227539","-96.484260559082","137.2","2025-04-29",,,,
"US1TXTN0061","MANSFIELD 2.6 NNE, TX US","32.602139","-97.101033","185.0","2025-04-29",,,,
"USC00413568","GLAZIER, TX US","36.009","-100.2692","796.4","2025-04-29",,,,
"USC00410058","DALLAS ADDISON AIRPORT, TX US","32.96778","-96.83722","196.0","2025-04-29",,"30.0","22.2",
"USR0000TANA","ANAHUAC NWR TEXAS, TX US","29.6692","-94.4383","1.5","2025-04-29","24.6","27.2","21.1",
"US1TXBXR409","CHINA GROVE 0.6 N, TX US","29.4036917","-98.3464506","201.2","2025-04-29",,,,
"US1TXWB0047","LAREDO 2.5 N, TX US","27.5697364807129","-99.4928359985352","139.9","2025-04-29",,,,
"US1TXVV0023","DEL RIO 2.5 SW, TX US","29.35484","-100.92927","288.0","2025-04-29",,,,
"US1TXBXR402","SAN ANTONIO 10.5 WNW, TX US","29.495234","-98.673907","263.7","2025-04-29",,,,
"USC00410071","ADRIAN 6 N, TX US","35.3489","-102.647","1229.0","2025-04-29",,,,
"US1TXBXR404","UNIVERSAL CITY 0.8 NNE, TX US","29.562764","-98.301767","248.1","2025-04-29",,,,
"US1TXBXR403","HOLLYWOOD PARK 3.2 N, TX US","29.64554","-98.48575","365.2","2025-04-29",,,,
"USC00411395","CAMP VERDE, TX US","29.8948","-99.1045","494.7","2025-04-29",,,,
"USC00417936","SAM RAYBURN DAM, TX US","31.0619","-94.1011","57.6","2025-04-29",,"29.4","20.0","22.8"
"USC00413579","GLEN COVE 2 NE, TX US","31.88969","-99.62938","628.8","2025-04-29",,,,
"US1TXKR0124","KERRVILLE 1.9 NNE, TX US","30.069116","-99.129312","550.5","2025-04-29",,,,
"US1TXKR0125","INGRAM 2.3 W, TX US","30.080128","-99.27587","551.4","2025-04-29",,,,
"US1TXTN0074","RICHLAND HILLS 0.5 W, TX US","32.811057","-97.233813","167.9","2025-04-29",,,,
"US1TXRK0013","ROCKWALL 2.7 W, TX US","32.91775","-96.504428","143.9","2025-04-29",,,,
"US1TXGG0007","LONGVIEW 0.9 E, TX US","32.519907","-94.746484","108.8","2025-04-29",,,,
"USW00023007","CHILDRESS MUNICIPAL AIRPORT, TX US","34.42747","-100.28391","593.9","2025-04-29","18.0","21.7","13.9",
"US1TXTV0273","PFLUGERVILLE 2.9 ENE, TX US","30.453564","-97.573806","201.2","2025-04-29",,,,
"US1TXWB0058","HEBBRONVILLE 12.9 WSW WEID RANCH, TX US","27.275265","-98.886383","258.8","2025-04-29",,,,
"US1TXVV0014","LANGTRY 10.6 W, TX US","29.83067","-101.7334","494.7","2025-04-29",,,,
"US1TXKR0120","KERRVILLE 2.3 NNE, TX US","30.073835","-99.126984","563.6","2025-04-29",,,,
"US1TXPR0031","WILLOW PARK 0.8 NW, TX US","32.762","-97.662","261.2","2025-04-29",,,,
"US1TXKR0121","CENTER POINT 0.4 S, TX US","29.944577","-99.038851","461.8","2025-04-29",,,,
"US1TXVV0016","DEL RIO 7.8 NNW, TX US","29.48166667","-100.9413333","361.5","2025-04-29",,,,
"US1TXHLE010","ABERNATHY 3.2 NNW, TX US","33.875827","-101.86175","1027.2","2025-04-29",,,,
"US1TXKR0116","KERRVILLE 3.5 NNW, TX US","30.084385","-99.167469","585.2","2025-04-29",,,,
"US1TXWB0060","LAREDO 4.9 NW, TX US","27.59281","-99.530868","135.3","2025-04-29",,,,
"US1TXVV0009","COMSTOCK 29.7 NW, TX US","30.06429","-101.408333","605.9","2025-04-29",,,,
"US1TXKR0118","KERRVILLE 5.3 E, TX US","30.04788","-99.048118","550.5","2025-04-29",,,,
"US1TXTN0086","FORT WORTH 1.8 WSW, TX US","32.742499","-97.363236","173.1","2025-04-29",,,,
"USC00417944","SAN ANGELO WEATHER FORECAST OFFICE, TX US","31.37083","-100.49432","576.1","2025-04-29",,"33.3","19.4","21.7"
"USW00023034","SAN ANGELO MATHIS FIELD AIRPORT, TX US","31.35172","-100.4948","582.4","2025-04-29","26.0","32.2","19.4",
"US1TXPR0021","WEATHERFORD 4.2 SW, TX US","32.71971","-97.82852","313.9","2025-04-29",,,,
"US1TXHYS061","SAN MARCOS 8.1 W, TX US","29.901528","-98.062052","301.4","2025-04-29",,,,
"US1TXHYS063","DRIPPING SPRINGS 1.7 NW, TX US","30.20483","-98.109273","386.2","2025-04-29",,,,
"US1TXKR0110","KERRVILLE 3.7 SSE, TX US","29.9910139","-99.1166377","483.4","2025-04-29",,,,
"US1TXKR0111","INGRAM 2.5 W, TX US","30.085011","-99.277138","599.8","2025-04-29",,,,
"USC00417951","SAN AUGUSTINE, TX US","31.51921","-94.11866","89.9","2025-04-29",,"29.4","19.4","21.1"
"USC00413112","FEDOR 3 SE, TX US","30.2757","-97.0192","130.8","2025-04-29",,,,
"US1TXKR0108","KERRVILLE 5.3 WSW, TX US","30.0144493","-99.2190878","616.6","2025-04-29",,,,
"USC00412266","DANEVANG 1 W, TX US","29.0662","-96.25833","20.4","2025-04-29",,"29.4","20.6","21.1"
"US1TXKR0101","KERRVILLE 0.5 SW, TX US","30.0364","-99.1424","502.0","2025-04-29",,,,
"US1TXKR0103","KERRVILLE 4.6 S, TX US","29.975007","-99.129787","508.1","2025-04-29",,,,
"US1TXTV0292","AUSTIN 7.6 W, TX US","30.295181","-97.877516","239.9","2025-04-29",,,,
"USW00023023","MIDLAND INTERNATIONAL AIRPORT, TX US","31.94754","-102.20859","872.4","2025-04-29","26.7","32.8","18.3",
"US1TXHYS158","SAN MARCOS 10.4 WNW, TX US","29.924627","-98.094962","324.0","2025-04-29",,,,
"US1TXLO0013","THREE RIVERS 8.6 NNE, TX US","28.5804","-98.118","97.8","2025-04-29",,,,
"US1TXSA0003","BROADDUS 10.9 SSE, TX US","31.162438","-94.191058","55.8","2025-04-29",,,,
"US1TXLO0011","GEORGE WEST 2.9 E, TX US","28.327166","-98.075126","40.8","2025-04-29",,,,
"US1TXVC0030","VICTORIA 1.1 S, TX US","28.80765","-96.98177","30.5","2025-04-29",,,,
"USC00415272","LLANO, TX US","30.7426","-98.6543","310.9","2025-04-29",,"31.1","21.1","21.7"
"US1TXKR0065","COMFORT 4.4 W, TX US","29.9617691040039","-98.9755477905273","482.2","2025-04-29",,,,
"US1TXHYS152","ROUND MOUNTAIN 12.7 ESE, TX US","30.346942","-98.167634","303.3","2025-04-29",,,,
"US1TXTN0147","GRAPEVINE 3.2 SW, TX US","32.9029","-97.1124","186.8","2025-04-29",,,,
"US1TXHYS156","KYLE 0.8 NE, TX US","30.001543","-97.859479","207.9","2025-04-29",,,,
"US1TXKR0063","KERRVILLE 4.8 WSW, TX US","30.0134963989258","-99.2097625732422","606.2","2025-04-29",,,,
"USC00416119","MOUNT VERNON, TX US","33.1963","-95.2236","136.2","2025-04-29",,"27.2","16.1","20.0"
"US1TXKR0059","KERRVILLE 3.5 NW, TX US","30.0783920288086","-99.1763305664063","524.0","2025-04-29",,,,
"US1TXTN0140","WATAUGA 1.2 SSE, TX US","32.85503","-97.242028","189.6","2025-04-29",,,,
"US1TXLO0009","GEORGE WEST 2.7 NNW, TX US","28.363792","-98.140485","50.9","2025-04-29",,,,
"US1TXLO0005","CHOKE CANYON DAM NORTH SIDE, TX US","28.4673","-98.2462","71.9","2025-04-29",,,,
"US1TXVC0025","VICTORIA 9.5 WSW, TX US","28.748411","-97.113392","29.3","2025-04-29",,,,
"US1TXVC0020","VICTORIA 9.7 ESE, TX US","28.778986","-96.831036","18.3","2025-04-29",,,,
"US1TXVC0021","VICTORIA 14.0 SW, TX US","28.659784","-97.118868","32.3","2025-04-29",,,,
"US1TXTN0153","NORTH RICHLAND HILLS 0.6 SSW, TX US","32.8517","-97.22249","187.1","2025-04-29",,,,
"US1TXHYS161","DRIPPING SPRINGS 6.4 N, TX US","30.280532","-98.07109","386.8","2025-04-29",,,,
"US1TXWH0011","EL CAMPO 2.7 NW, TX US","29.227813","-96.302022","34.4","2025-04-29",,,,
"US1TXTN0156","NORTH RICHLAND HILLS 0.5 S, TX US","32.85238","-97.22067","189.6","2025-04-29",,,,
"USC00416135","MULESHOE NUMBER 1, TX US","34.2192","-102.7327","1167.4","2025-04-29",,"28.3","10.0","11.7"
"US1TXMCM005","CROSS 1.7 NNW, TX US","28.628463","-98.552108","98.1","2025-04-29",,,,
"US1TXKR0052","CENTER POINT 2.2 NNE, TX US","29.96454","-99.02338","498.0","2025-04-29",,,,
"USC00417458","RAYMONDVILLE, TX US","26.4644","-97.7848","9.4","2025-04-29",,"33.3","23.3","23.9"
"US1TXHYS135","SAN MARCOS 6.8 SSW, TX US","29.78895","-97.96928","213.1","2025-04-29",,,,
"US1TXKR0043","KERRVILLE 5.3 NE, TX US","30.086732","-99.064123","629.1","2025-04-29",,,,
"USC00418323","SILVERTON, TX US","34.47336","-101.30218","998.2","2025-04-29",,"27.8","12.2","15.0"
"US1TXWH0001","WHARTON 0.3 E, TX US","29.31613","-96.093434","29.9","2025-04-29",,,,
"US1TXHYS130","WIMBERLEY 3.5 NW, TX US","30.0317146629095","-98.1382466107607","304.5","2025-04-29",,,,
"US1TXTN0169","ARLINGTON 5.0 N, TX US","32.76631","-97.12762","175.6","2025-04-29",,,,
"US1TXHYS133","WIMBERLEY 3.6 ENE, TX US","30.017504","-98.048497","289.6","2025-04-29",,,,
"USC00419649","WEATHER FORECAST OFFICE BROWNSVILLE, TX US","25.9162","-97.4195","4.6","2025-04-29",,"31.1","25.0","26.1"
"US1TXWM0308","JARRELL 4.7 S, TX US","30.757541","-97.613454","269.1","2025-04-29",,,,
"USC00416137","MULESHOE NWR, TX US","33.95604","-102.77789","1143.6","2025-04-29",,"30.0","11.1","11.1"
"US1TXWM0302","ROUND ROCK 5.0 ESE, TX US","30.500937","-97.591153","239.0","2025-04-29",,,,
"US1TXVC0003","VICTORIA 11.9 SE, TX US","28.720195","-96.825768","21.0","2025-04-29",,,,
"US1TXHYS148","WIMBERLEY 4.0 WSW, TX US","29.9731712341309","-98.1644973754883","301.4","2025-04-29",,,,
"USW00003902","ROBERT GRAY ARMY AIR FIELD, TX US","31.06667","-97.83333","309.4","2025-04-29",,"30.6","22.2",
"US1TXTN0176","LAKE WORTH 1.0 WSW, TX US","32.807083","-97.448022","196.6","2025-04-29",,,,
"USW00003901","LONGVIEW E TX REGIONAL AIRPORT, TX US","32.39094","-94.71396","107.3","2025-04-29","24.9","29.4","21.1",
"US1TXTN0177","MANSFIELD 2.3 NNE, TX US","32.5949","-97.0956","181.4","2025-04-29",,,,
"USW00003904","COLLEGE STATION EASTERWOOD FIELD, TX US","30.5912","-96.36309","96.0","2025-04-29","25.3","30.0","21.7",
"US1TXHYS141","WIMBERLEY 1.5 SSW, TX US","29.972595","-98.111406","285.6","2025-04-29",,,,
"US1TXKR0030","INGRAM 10.2 NW, TX US","30.166111","-99.374722","584.9","2025-04-29",,,,
"US1TXTN0170","ARLINGTON 2.7 WSW, TX US","32.6826","-97.1714","185.0","2025-04-29",,,,
"USC00416147","MUNDAY 1 W, TX US","33.45","-99.6365","452.9","2025-04-29",,,,
"US1TXTN0171","FORT WORTH 3.8 SW, TX US","32.70928","-97.37506","176.5","2025-04-29",,,,
"US1TXTN0174","ARLINGTON 5.7 SSW, TX US","32.61989","-97.17067","208.5","2025-04-29",,,,
"US1TXHYS113","WOODCREEK 0.5 SSW, TX US","30.02419","-98.116244","286.8","2025-04-29",,,,
"US1TXTN0108","NORTH RICHLAND HILLS 1.9 S, TX US","32.833080291748","-97.2224426269531","176.8","2025-04-29",,,,
"US1TXHYS117","KYLE 7.8 ENE, TX US","30.024776","-97.745107","146.6","2025-04-29",,,,
"USC00414382","HUNTSVILLE, TX US","30.7065","-95.5421","150.6","2025-04-29",,"28.3","20.0","20.6"
"US1TXTN0102","FORT WORTH 3.9 SW, TX US","32.709966","-97.379049","182.0","2025-04-29",,,,
"USC00415229","LINDEN, TX US","33.0161","-94.3674","126.5","2025-04-29",,,,
"US1TXCMR135","BROWNSVILLE 2.2 E, TX US","25.921909","-97.446185","7.6","2025-04-29",,,,
"US1TXVC0068","VICTORIA 2.2 E, TX US","28.8289447","-96.9473204","31.4","2025-04-29",,,,
"US1TXVC0066","VICTORIA 7.3 NNW, TX US","28.921247","-97.030103","43.9","2025-04-29",,,,
"US1TXVC0067","INEZ 3.3 W, TX US","28.869448","-96.848081","22.3","2025-04-29",,,,
"US1TXVC0062","VICTORIA 5.7 W, TX US","28.8120523","-97.0753463","36.9","2025-04-29",,,,
"US1TXKR0097","HUNT 1.9 NNE, TX US","30.096555","-99.326395","620.0","2025-04-29",,,,
"US1TXKR0098","COMFORT 9.3 NNW, TX US","30.096209","-98.96335","616.9","2025-04-29",,,,
"USC00413065","FALLS CITY 7 WSW, TX US","28.9613","-98.1102","104.5","2025-04-29",,,,
"USC00415243","LIPAN 4 NW, TX US","32.56861","-98.08258","302.1","2025-04-29",,,,
"USW00003927","DAL FTW WSCMO AIRPORT, TX US","32.89744","-97.02196","165.7","2025-04-29","24.7","28.3","21.7",
"US1TXKR0095","KERRVILLE 0.9 NW, TX US","30.05","-99.14888889","495.9","2025-04-29",,,,
"US1TXKR0096","INGRAM 3.1 W, TX US","30.073877","-99.287442","541.3","2025-04-29",,,,
"US1TXFD0002","CROWELL 6.9 NE, TX US","34.0438","-99.6287","416.1","2025-04-29",,,,
"US1TXFD0001","CROWELL 10.5 E, TX US","33.9847679138184","-99.5408477783203","409.7","2025-04-29",,,,
"US1TXHDS025","ACALA 2.4 NW, TX US","31.36449","-105.93551","1084.8","2025-04-29",,,,
"USC00418743","SULPHUR SPRINGS, TX US","33.148","-95.6269","150.9","2025-04-29",,"27.2","20.0","21.1"
"USW00003933","FORT HOOD, TX US","31.13333","-97.71667","281.6","2025-04-29",,"30.6","22.2",
"US1TXFD0003","CROWELL 15.5 NW, TX US","34.1175519","-99.9405563","522.4","2025-04-29",,,,
"US1TXVC0057","VICTORIA 11.1 SW, TX US","28.730543","-97.131323","27.4","2025-04-29",,,,
"US1TXJK0005","GANADO 1.5 W, TX US","29.04321","-96.53674","19.8","2025-04-29",,,,
"US1TXVC0055","VICTORIA 2.1 ENE, TX US","28.832185","-96.949439","29.6","2025-04-29",,,,
"US1TXKR0081","KERRVILLE 1.6 NW, TX US","30.0599166666667","-99.1531833333333","516.9","2025-04-29",,,,
"US1TXVC0052","VICTORIA 14.0 SW, TX US","28.690228","-97.155816","34.1","2025-04-29",,,,
"US1TXCHM008","MONT BELVIEU 1.5 NNW, TX US","29.872228","-94.889339","13.1","2025-04-29",,,,
"US1TXTN0122","NORTH RICHLAND HILLS 2.3 NNE, TX US","32.892799","-97.210899","203.9","2025-04-29",,,,
"US1TXTN0124","SAGINAW 1.0 SSW, TX US","32.8526","-97.3729","229.2","2025-04-29",,,,
"USC00419605","WEST COLUMBIA 1 ESE, TX US","29.1378","-95.6252","9.4","2025-04-29",,,,"22.2"
"US1TXCHM011","ANAHUAC 5.7 N, TX US","29.846622","-94.67046","8.8","2025-04-29",,,,
"US1TXKR0079","KERRVILLE 6.3 SW, TX US","29.97063333","-99.20108333","556.3","2025-04-29",,,,
"US1TXHYS103","DRIPPING SPRINGS 6.0 NNE, TX US","30.271702632308","-98.060219809413","372.8","2025-04-29",,,,
"US1TXVC0044","VICTORIA 1.2 NNE, TX US","28.838994","-96.973326","32.3","2025-04-29",,,,
"US1TXTN0134","BLUE MOUND 1.6 ENE, TX US","32.865927","-97.313138","196.6","2025-04-29",,,,
"US1TXCHM014","BEACH CITY 4.8 SSW, TX US","29.66607","-94.88472","6.1","2025-04-29",,,,
"USC00415265","LITTLEFIELD, TX US","33.8688","-102.25834","1054.0","2025-04-29",,"29.4","12.2","12.8"
"US1TXKR0073","KERRVILLE 1.5 NNW, TX US","30.0600414276123","-99.1494140625","501.1","2025-04-29",,,,
"US1TXKR0074","KERRVILLE 1.6 SSE, TX US","30.020153","-99.128995","491.0","2025-04-29",,,,
"USW00003951","LONGVIEW 11 SE, TX US","32.3466","-94.6533","124.1","2025-04-29",,"28.3","20.6","21.1"
"USC00416104","MOUNT LOCKE, TX US","30.67112","-104.02317","2069.6","2025-04-29",,"25.6","15.6","17.2"
"USC00416108","MOUNT PLEASANT, TX US","33.16303","-95.00972","111.3","2025-04-29",,"28.9","20.6","21.7"
"US1TXTN0130","FORT WORTH 6.3 E, TX US","32.7511558532715","-97.2273864746094","191.1","2025-04-29",,,,
"US1TXHDL039","MISSION 3.9 WSW, TX US","26.18953","-98.375418","38.1","2025-04-29",,,,
"US1TXWM0360","ROUND ROCK 3.9 N, TX US","30.57349","-97.67734","246.9","2025-04-29",,,,
"US1TXWM0361","GEORGETOWN 7.6 NW, TX US","30.73398","-97.76467","278.0","2025-04-29",,,,
"US1TXWM0365","HUTTO 1.4 N, TX US","30.565624","-97.539772","212.4","2025-04-29",,,,
"US1TXLB0002","OLTON 0.2 W, TX US","34.1799828","-102.139757","1100.0","2025-04-29",,,,
"US1TXBRT055","MARBLE FALLS 1.4 NE, TX US","30.594444","-98.256111","296.6","2025-04-29",,,,
"US1TXBRT056","BERTRAM 9.1 SSW, TX US","30.6148906052113","-98.0877479910851","346.9","2025-04-29",,,,
"US1TXBRT058","BURNET 5.7 WSW, TX US","30.740084","-98.323013","389.2","2025-04-29",,,,
"USW00003047","MONAHANS 6 ENE, TX US","31.6219","-102.8071","830.3","2025-04-29",,"33.3","17.6",
"USW00003049","ALPINE CASPARIS MUNICIPAL AIRPORT, TX US","30.38333","-103.68333","1375.6","2025-04-29",,"31.7","22.2",
"US1TXWM0366","ROUND ROCK 1.9 NE, TX US","30.533286","-97.645507","211.5","2025-04-29",,,,
"US1TXWM0368","GEORGETOWN 4.8 NW, TX US","30.7029","-97.7348","270.7","2025-04-29",,,,
"US1TXWM0369","GEORGETOWN 4.7 NNW, TX US","30.714444","-97.704239","238.0","2025-04-29",,,,
"USC00413926","HAPPY 4 NW, TX US","34.7861","-101.8953","1126.8","2025-04-29",,,,
"USW00003044","BIG SPRING MCMAHON WRINKLE AIRPORT, TX US","32.2125","-101.52139","784.3","2025-04-29",,"30.0","18.3",
"US1TXWM0350","LIBERTY HILL 3.9 NNW, TX US","30.719223","-97.937059","302.1","2025-04-29",,,,
"USC00417060","PITCHFORK RANCH, TX US","33.5992","-100.5319","592.8","2025-04-29",,,,
"US1TXGS0102","FREDERICKSBURG 10.3 NW, TX US","30.366487","-99.003211","648.0","2025-04-29",,,,
"USW00003050","SNYDER WINSTON FIELD AIRPORT, TX US","32.69333","-100.95056","740.7","2025-04-29",,"29.4","16.1",
"US1TXCML008","NEW BRAUNFELS 7.2 NW, TX US","29.77794","-98.203083","326.7","2025-04-29",,,,
"US1TXWM0358","GRANGER 0.3 SW, TX US","30.7150988475184","-97.4450417781867","174.3","2025-04-29",,,,
"US1TXCML003","NEW BRAUNFELS 3.1 WNW, TX US","29.720969","-98.165542","252.1","2025-04-29",,,,
"USW00003054","MULESHOE 19 S, TX US","33.9557","-102.774","1140.6","2025-04-29",,"18.2","10.9",
"USW00003056","GAINES CO AIRPORT, TX US","32.67528","-102.65444","1010.4","2025-04-29",,"31.1","15.0",
"US1TXHRR336","TOMBALL 2.4 SE, TX US","30.07291","-95.586421","50.3","2025-04-29",,,,
"USW00023906","PORT ARANSAS 32 NNE, TX US","28.3045","-96.823","4.6","2025-04-29",,"29.3","23.9",
"US1TXHDL059","MISSION 1.1 E, TX US","26.2124","-98.2985","43.0","2025-04-29",,,,
"USC00417074","PLAINS, TX US","33.1869","-102.828","1120.1","2025-04-29",,"31.1","13.9","16.7"
"US1TXHDL054","MERCEDES 1.9 SW, TX US","26.12579","-97.9384","26.5","2025-04-29",,,,
"USW00023907","AUSTIN 33 NW, TX US","30.6222","-98.0846","414.8","2025-04-29",,"29.6","21.1",
"US1TXCNC001","EDEN 2.5 SSW, TX US","31.181613","-99.8595183","618.1","2025-04-29",,,,
"USC00417079","PLAINVIEW, TX US","34.1891","-101.7023","1027.2","2025-04-29",,"30.0","10.6","14.4"
"US1TXHDL050","MCALLEN 3.5 N, TX US","26.2662","-98.23681","38.7","2025-04-29",,,,
"US1TXBXR398","ST. HEDWIG 1.5 SSE, TX US","29.40305556","-98.20916667","180.4","2025-04-29",,,,
"US1TXCML012","CANYON LAKE 2.5 W, TX US","29.873972","-98.303825","342.0","2025-04-29",,,,
"USC00413943","HARLINGEN, TX US","26.2027","-97.6727","11.6","2025-04-29",,"30.6","23.9","23.9"
"USC00410433","AUSTIN GREAT HILLS, TX US","30.4144","-97.7664","268.2","2025-04-29",,"28.9","21.7","21.7"
"USC00410436","AUSTWELL, TX US","28.389","-96.8388","7.0","2025-04-29",,"28.3","21.7","22.2"
"US1TXFY0003","LA GRANGE 10.2 NW, TX US","30.008049","-97.005228","101.2","2025-04-29",,,,
"US1TXHRR326","THE WOODLANDS 3.8 W, TX US","30.1577","-95.5529","43.0","2025-04-29",,,,
"US1TXFY0001","SMITHVILLE 6.6 SE, TX US","29.948448","-97.069428","111.6","2025-04-29",,,,
"USR0000TRAT","RATCLIFF TEXAS, TX US","31.395","-95.1361","91.4","2025-04-29","23.6","27.8","20.0",
"US1TXHRR322","BELLAIRE 3.1 W, TX US","29.69713","-95.51174","17.7","2025-04-29",,,,
"USC00417081","PLAINVIEW WATER PRODUCTION, TX US","34.1981","-101.746","1051.6","2025-04-29",,"28.3","12.2","12.2"
"US1TXBRT064","MARBLE FALLS 5.5 NNW, TX US","30.65638889","-98.29722222","301.8","2025-04-29",,,,
"US1TXBRT065","GRANITE SHOALS 0.9 S, TX US","30.5766","-98.381033","256.9","2025-04-29",,,,
"US1TXHRR329","CYPRESS 6.2 SSW, TX US","29.88865","-95.73079","43.3","2025-04-29",,,,
"US1TXHDL060","MCALLEN 4.7 NNW, TX US","26.279411","-98.265646","45.4","2025-04-29",,,,
"US1TXHDL061","MCALLEN 6.3 N, TX US","26.3061","-98.236","33.2","2025-04-29",,,,
"US1TXCML024","BULVERDE 4.3 ESE, TX US","29.750534","-98.398617","316.4","2025-04-29",,,,
"USC00412621","DUMONT, TX US","33.80696","-100.51771","627.3","2025-04-29",,,,
"USC00410443","AVERY 5 NNW, TX US","33.6247","-94.8075","118.9","2025-04-29",,,,
"USC00413954","HARPER 3 ENE, TX US","30.3086","-99.203","643.1","2025-04-29",,"27.2","19.4","19.4"
"USW00003072","BRONTE 11 NNE, TX US","32.0408","-100.2495","608.7","2025-04-29",,"30.6","19.3",
"US1TXCML029","NEW BRAUNFELS 5.9 NW, TX US","29.765288","-98.186506","296.3","2025-04-29",,,,
"USW00003071","MIDLAND AIRPARK, TX US","32.03639","-102.10111","854.4","2025-04-29",,"32.8","18.3",
"US1TXFY0059","LA GRANGE 2.7 SE, TX US","29.876128","-96.852559","103.3","2025-04-29",,,,
"US1TXKN0005","KENDALIA 5.2 SSW, TX US","29.895847","-98.538197","346.6","2025-04-29",,,,
"US1TXWM0320","LEANDER 2.6 ESE, TX US","30.546855","-97.820472","292.6","2025-04-29",,,,
"US1TXFY0052","LA GRANGE 3.5 ENE, TX US","29.928821","-96.824835","114.9","2025-04-29",,,,
"US1TXNL0010","ROSCOE 3.5 WNW, TX US","32.46778","-100.594688","724.5","2025-04-29",,,,
"US1TXBRT099","GRANITE SHOALS 1.1 SE, TX US","30.579114","-98.369919","252.1","2025-04-29",,,,
"US1TXNL0011","BLACKWELL 6.5 NW, TX US","32.144989","-100.403583","689.5","2025-04-29",,,,
"USC00411700","CHILDRESS 7 NW, TX US","34.52187","-100.29168","541.9","2025-04-29",,,,
"US1TXWM0328","GEORGETOWN 6.4 NW, TX US","30.7188278","-97.7561544","282.2","2025-04-29",,,,
"US1TXFY0068","SCHULENBURG 2.0 NNE, TX US","29.7057961","-96.8904569","110.3","2025-04-29",,,,
"US1TXFY0064","MULDOON 2.9 SE, TX US","29.78492","-97.03815","129.8","2025-04-29",,,,
"US1TXFY0063","LA GRANGE 1.5 NNE, TX US","29.9294","-96.8709","100.9","2025-04-29",,,,
"US1TXFY0062","LA GRANGE 0.2 NNW, TX US","29.911983","-96.878894","95.7","2025-04-29",,,,
"US1TXFY0060","SCHULENBURG 4.6 NNE, TX US","29.746072","-96.8877251","122.2","2025-04-29",,,,
"USC00416177","NACOGDOCHES, TX US","31.6163","-94.643","132.6","2025-04-29",,"31.7","18.3","20.0"
"US1TXWM0316","ROUND ROCK 0.3 NNW, TX US","30.52156","-97.67378","221.6","2025-04-29",,,,
"USC00411715","CHISOS BASIN, TX US","29.2703","-103.3003","1615.4","2025-04-29",,"30.6","19.4","20.6"
"US1TXFY0036","LA GRANGE 4.5 SW, TX US","29.86353","-96.932442","95.7","2025-04-29",,,,
"US1TXFY0035","ROUND TOP 5.6 SE, TX US","30.01582","-96.6215","128.0","2025-04-29",,,,
"US1TXKN0027","BOERNE 8.8 NE, TX US","29.87225","-98.6158","382.8","2025-04-29",,,,
"US1TXFY0033","FAYETTEVILLE 1.0 SW, TX US","29.896486","-96.686552","128.0","2025-04-29",,,,
"US1TXKN0022","BOERNE 4.7 WNW, TX US","29.827772","-98.800917","476.7","2025-04-29",,,,
"US1TXLS0012","COTULLA 8.2 SE, TX US","28.34552","-99.148452","120.7","2025-04-29",,,,
"US1TXTY0007","ABILENE 3.3 SW, TX US","32.41801","-99.775791","533.7","2025-04-29",,,,
"US1TXLS0009","COTULLA 9.7 NNE, TX US","28.5521","-99.1535","146.6","2025-04-29",,,,
"USC00418358","SISTERDALE 2 SE, TX US","29.95233","-98.71252","401.4","2025-04-29",,,,
"US1TXLS0005","COTULLA 1.6 NE, TX US","28.45341","-99.218382","143.0","2025-04-29",,,,
"USC00419207","TYLER, TX US","32.3007","-95.3102","154.8","2025-04-29",,"28.3","21.1","21.1"
"US1TXLS0003","DILLEY 17.9 ESE, TX US","28.566667","-98.9","120.1","2025-04-29",,,,
"USC00411720","CHOKE CANYON DAM, TX US","28.4675","-98.2525","70.1","2025-04-29",,"33.3","23.3","23.3"
"US1TXWM0345","THORNDALE 6.9 S, TX US","30.51516","-97.19637","166.4","2025-04-29",,,,
"US1TXDM0006","CARRIZO SPRINGS 21.6 SW, TX US","28.2766719","-100.0740949","210.9","2025-04-29",,,,
"US1TXWM0347","LEANDER 2.3 N, TX US","30.59518","-97.8644","302.4","2025-04-29",,,,
"US1TXKN0018","COMFORT 11.5 ENE, TX US","30.055222","-98.735294","456.0","2025-04-29",,,,
"US1TXFY0047","WEST POINT 0.8 NE, TX US","29.953327","-97.027686","88.7","2025-04-29",,,,
"US1TXKN0015","KENDALIA 5.4 S, TX US","29.888825","-98.522842","361.8","2025-04-29",,,,
"US1TXWM0330","CEDAR PARK 0.8 SSW, TX US","30.504194","-97.836819","293.8","2025-04-29",,,,
"US1TXKN0010","BOERNE 6.0 WSW, TX US","29.754064","-98.820183","568.1","2025-04-29",,,,
"USC00418373","SLATON, TX US","33.43248","-101.65841","942.7","2025-04-29",,,,
"US1TXST0008","RIO GRANDE CITY 3.5 ENE, TX US","26.40668783","-98.77857467","87.8","2025-04-29",,,,
"US1TXWM0333","CEDAR PARK 1.5 S, TX US","30.493035","-97.835645","294.7","2025-04-29",,,,
"US1TXWM0334","LIBERTY HILL 2.9 SE, TX US","30.638671","-97.884978","283.2","2025-04-29",,,,
"USC00411736","CHRISTOVAL 2 SSW, TX US","31.17084","-100.51555","641.9","2025-04-29",,,,
"USC00410404","ATHENS, TX US","32.1633","-95.83","136.6","2025-04-29",,"28.3","17.8","21.7"
"US1TXKN0007","FAIR OAKS RANCH 10.0 NNE, TX US","29.873664","-98.585433","362.1","2025-04-29",,,,
"US1TXWM0339","LIBERTY HILL 1.7 NNE, TX US","30.687146","-97.909036","312.4","2025-04-29",,,,
"USC00410408","ATLANTA, TX US","33.1244","-94.1661","96.0","2025-04-29",,"29.4","20.6","20.6"
"US1TXKN0008","FAIR OAKS RANCH 2.2 NNW, TX US","29.766739","-98.646492","408.1","2025-04-29",,,,
"US1TXJH0012","HEBBRONVILLE 14.8 SSE SUGAR CAMP, TX US","27.114","-98.6115","149.0","2025-04-29",,,,
"US1TXJH0010","HEBBRONVILLE 32.3 SSW, TX US","26.900345","-98.921266","170.4","2025-04-29",,,,
"USC00414980","LAKE TAWAKONI, TX US","32.8522","-95.8863","136.6","2025-04-29",,"27.2","20.0","20.6"
"US1TXSS0001","SAN SABA 7.3 ENE, TX US","31.242511","-98.614646","350.8","2025-04-29",,,,
"USR0000TGEO","GEORGE WEST TEXAS, TX US","28.3667","-98.1167","65.5","2025-04-29","26.7","31.7","23.3",
"USC00414976","LAKE FORK RESERVOIR, TX US","32.8228","-95.5278","127.1","2025-04-29",,,,
"USW00093042","DALHART FAA AIRPORT, TX US","36.02516","-102.54875","1215.5","2025-04-29","12.0","15.0","6.7",
"US1TXSS0008","CHEROKEE 0.7 S, TX US","30.97138889","-98.70972222","460.9","2025-04-29",,,,
"USC00415821","MEMPHIS, TX US","34.72596","-100.53786","629.4","2025-04-29",,"30.0","15.6","15.6"
"US1TXED0030","ROCKSPRINGS 0.1 WSW, TX US","30.0164056","-100.2136213","728.8","2025-04-29",,,,
"US1TXWM0074","GEORGETOWN 3.0 ESE, TX US","30.634132","-97.638732","229.8","2025-04-29",,,,
"US1TXWK0003","HUNTSVILLE 11.5 WSW, TX US","30.625567","-95.71475","102.4","2025-04-29",,,,
"US1TXED0031","ROCKSPRINGS 11.5 SSE, TX US","29.875601","-100.108708","698.9","2025-04-29",,,,
"US1TXJH0004","HEBBRONVILLE 4.3 SSE, TX US","27.26095","-98.65711667","164.6","2025-04-29",,,,
"US1TXCML092","GARDEN RIDGE 1.2 WNW, TX US","29.641065","-98.311413","282.2","2025-04-29",,,,
"US1TXJH0009","HEBBRONVILLE 32.4 S BORREGOS RANCH, TX US","26.84847","-98.69926","168.2","2025-04-29",,,,
"US1TXJH0008","HEBBRONVILLE 21.2 SSE JONES RANCH, TX US","27.04287","-98.53089","123.7","2025-04-29",,,,
"US1TXBXR320","CROSS MOUNTAIN 1.2 N, TX US","29.661978","-98.662494","416.1","2025-04-29",,,,
"USC00414982","LAKE KEMP, TX US","33.7542","-99.1442","355.7","2025-04-29",,"29.4","17.2","19.4"
"USC00414505","ITASCA 5 SSW, TX US","32.09134","-97.12103","198.7","2025-04-29",,,,
"US1TXWK0013","HUNTSVILLE 4.8 NNW, TX US","30.775136500597","-95.5834519118071","89.0","2025-04-29",,,,
"US1TXTR0021","WOODVILLE 7.4 ENE MCCONNELL, TX US","30.806546","-94.294049","71.3","2025-04-29",,,,
"US1TXED0022","ROCKSPRINGS 11.8 ENE, TX US","30.0649","-100.0230333","722.4","2025-04-29",,,,
"US1TXTR0024","WOODVILLE 8.8 WNW, TX US","30.8047","-94.5668","128.3","2025-04-29",,,,
"US1TXHRN011","KOUNTZE 2.4 W, TX US","30.375","-94.355","21.9","2025-04-29",,,,
"US1TXTR0025","WOODVILLE 6.1 S, TX US","30.6858","-94.4164","58.2","2025-04-29",,,,
"US1TXED0025","ROCKSPRINGS 6.2 S, TX US","29.92843","-100.20705","697.1","2025-04-29",,,,
"US1TXBXR313","ELMENDORF 0.8 NNE, TX US","29.2683","-98.3282","165.2","2025-04-29",,,,
"US1TXBXR310","SAN ANTONIO 13.0 W, TX US","29.4925168901682","-98.7180536985397","280.4","2025-04-29",,,,
"USC00411000","BOYS RANCH, TX US","35.5302","-102.2563","972.6","2025-04-29",,"15.0","9.4","13.3"
"USC00411486","CARRIZO SPRINGS 3 S, TX US","28.4895","-99.8734","186.8","2025-04-29",,"36.7","22.2","22.2"
"US1TXCML095","BULVERDE 4.2 ENE, TX US","29.756944","-98.385556","323.4","2025-04-29",,,,
"USC00414517","JACKSBORO, TX US","33.2065","-98.1688","329.5","2025-04-29",,"27.2","19.4","19.4"
"US1TXNU0107","CORPUS CHRISTI 5.2 SSW, TX US","27.642959","-97.33862","4.6","2025-04-29",,,,
"US1TXNU0104","CORPUS CHRISTI 7.3 W, TX US","27.715201","-97.41095","6.7","2025-04-29",,,,
"US1TXNU0103","CORPUS CHRISTI 7.5 SSE, TX US","27.607232","-97.241541","6.7","2025-04-29",,,,
"US1TXHRN001","LUMBERTON 1.2 WNW, TX US","30.272034","-94.220139","18.6","2025-04-29",,,,
"US1TXCLN005","CROSS PLAINS 6.5 WNW, TX US","32.1631","-99.267","548.3","2025-04-29",,,,
"US1TXTR0030","COLMESNEIL 3.8 S, TX US","30.854335","-94.42387","105.8","2025-04-29",,,,
"US1TXNU0100","ROBSTOWN 4.9 NNW, TX US","27.86827","-97.67932","18.3","2025-04-29",,,,
"US1TXTR0033","COLMESNEIL 0.9 S, TX US","30.89608","-94.423995","81.4","2025-04-29",,,,
"US1TXED0012","ROCKSPRINGS 8.5 WSW, TX US","29.966556","-100.342389","709.0","2025-04-29",,,,
"US1TXHRN009","SILSBEE 4.9 N, TX US","30.4147477","-94.1703715","29.6","2025-04-29",,,,
"US1TXSS0009","FREDONIA 3.7 NE, TX US","30.9703","-99.0689","482.5","2025-04-29",,,,
"US1TXHRN006","KOUNTZE 1.1 S, TX US","30.35696449","-94.3161043","20.1","2025-04-29",,,,
"US1TXHRN008","SOUR LAKE 3.6 N, TX US","30.1870233","-94.39471","15.2","2025-04-29",,,,
"US1TXBXR304","CROSS MOUNTAIN 2.1 N, TX US","29.67494","-98.6535","365.8","2025-04-29",,,,
"USC00413675","GRANBURY 5 N, TX US","32.5216","-97.8069","237.4","2025-04-29",,"28.3","21.1","21.7"
"US1TXCLY007","BLUEGROVE 2.5 SE, TX US","33.639659","-98.224875","328.3","2025-04-29",,,,
"USC00414525","JACKSONVILLE, TX US","31.9622","-95.2736","170.7","2025-04-29",,"29.4","15.6","21.1"
"USC00411017","BRADY, TX US","31.14453","-99.34922","521.5","2025-04-29",,"32.8","19.4","22.2"
"US1TXWK0028","HUNTSVILLE 8.7 NNE, TX US","30.8239","-95.48376","54.9","2025-04-29",,,,
"US1TXWK0029","HUNTSVILLE 7.2 S, TX US","30.608048","-95.5453","112.2","2025-04-29",,,,
"US1TXGM0013","BEDIAS 4.3 NNW, TX US","30.837418","-95.979528","79.6","2025-04-29",,,,
"US1TXGM0012","ANDERSON 5.1 ESE, TX US","30.466207","-95.911216","103.6","2025-04-29",,,,
"US1TXGM0011","NAVASOTA 9.7 SSE, TX US","30.254674","-96.041811","74.7","2025-04-29",,,,
"US1TXWM0046","BRUSHY CREEK 2.4 SW, TX US","30.485942","-97.764397","267.0","2025-04-29",,,,
"US1TXTR0003","WOODVILLE 7.2 S, TX US","30.6704","-94.4295","51.8","2025-04-29",,,,
"US1TXBEL118","BELTON 4.1 WSW, TX US","31.036724","-97.522202","211.8","2025-04-29",,,,
"US1TXBEL117","KILLEEN 4.4 SW, TX US","31.061366","-97.778418","283.8","2025-04-29",,,,
"US1TXBEL114","BELTON 4.2 SSE, TX US","31.016986","-97.425147","159.7","2025-04-29",,,,
"US1TXBEL113","TEMPLE 5.1 W, TX US","31.09187","-97.44861","164.0","2025-04-29",,,,
"US1TXBXR378","GREY FOREST 3.2 SE, TX US","29.58359","-98.64303","310.6","2025-04-29",,,,
"US1TXBXR370","SAN ANTONIO 7.8 E, TX US","29.4719","-98.3761","212.1","2025-04-29",,,,
"USC00412758","EDINBURG, TX US","26.298","-98.1575","29.3","2025-04-29",,"32.8","21.7","23.9"
"USC00411429","CANYON DAM, TX US","29.8607","-98.1959","304.8","2025-04-29",,"28.3","21.1","21.1"
"US1TXGM0007","IOLA 10.4 SSW, TX US","30.634778","-96.142272","76.5","2025-04-29",,,,
"US1TXBRT006","SPICEWOOD 4.4 NW, TX US","30.497546","-98.225839","281.0","2025-04-29",,,,
"US1TXTR0012","SPURGER 6.2 S, TX US","30.60209","-94.167327","36.6","2025-04-29",,,,
"US1TXBEL109","COPPERAS COVE 4.3 S, TX US","31.057169","-97.91039","310.6","2025-04-29",,,,
"US1TXTR0013","COLMESNEIL 11.6 ESE, TX US","30.857075","-94.236686","38.7","2025-04-29",,,,
"US1TXWM0035","BERTRAM 6.4 ESE, TX US","30.713117","-97.9559","335.0","2025-04-29",,,,
"US1TXBEL108","HARKER HEIGHTS 1.3 SW, TX US","31.050197","-97.672861","221.3","2025-04-29",,,,
"US1TXBEL105","KILLEEN 4.9 SSW, TX US","31.032255","-97.746473","273.7","2025-04-29",,,,
"US1TXBRT002","MARBLE FALLS 2.7 SE, TX US","30.550485","-98.240923","240.2","2025-04-29",,,,
"US1TXBEL103","BELTON 6.3 NNE, TX US","31.157646","-97.441381","205.4","2025-04-29",,,,
"US1TXBRT003","BUCHANAN DAM 7.4 NNE, TX US","30.8474","-98.363","360.0","2025-04-29",,,,
"US1TXBEL110","TEMPLE 4.2 SSW, TX US","31.03926","-97.385515","174.3","2025-04-29",,,,
"US1TXBEL111","KILLEEN 3.1 WSW, TX US","31.088772","-97.767749","300.2","2025-04-29",,,,
"US1TXBXR367","SAN ANTONIO 5.5 N, TX US","29.536439","-98.497079","275.2","2025-04-29",,,,
"USC00411433","CANYON DAM NUMBER 3, TX US","29.946","-98.3967","373.4","2025-04-29",,,,
"US1TXCML040","NEW BRAUNFELS 0.1 ENE, TX US","29.704998","-98.115385","186.5","2025-04-29",,,,
"US1TXCML041","NEW BRAUNFELS 2.8 NNE, TX US","29.7427","-98.1009","205.1","2025-04-29",,,,
"USC00413614","GOLDTHWAITE 1 WSW, TX US","31.4405","-98.5902","459.3","2025-04-29",,"27.8","20.0","20.0"
"US1TXWM0068","GEORGETOWN 4.5 SSE, TX US","30.5907","-97.6509","253.0","2025-04-29",,,,
"USC00414950","LAJITAS, TX US","29.2694","-103.7575","732.4","2025-04-29",,"36.7","23.9","25.0"
"USC00411441","CAPROCK CANYON STATE PARK, TX US","34.41253","-101.0684","807.1","2025-04-29",,"29.4","13.9","15.6"
"US1TXCML051","SPRING BRANCH 2.4 SW, TX US","29.863026","-98.45444","346.6","2025-04-29",,,,
"US1TXBRT022","BURNET 1.9 SE, TX US","30.74","-98.21","409.7","2025-04-29",,,,
"US1TXBRT025","SPICEWOOD 2.5 SW, TX US","30.449718","-98.154644","288.3","2025-04-29",,,,
"US1TXBXR343","SAN ANTONIO 8.1 SSE, TX US","29.347416","-98.460106","170.7","2025-04-29",,,,
"USC00410120","ALBANY, TX US","32.7047","-99.3012","441.4","2025-04-29",,"30.6","18.3","18.3"
"US1TXBXR345","SHAVANO PARK 3.7 W, TX US","29.5850014686584","-98.6171114444733","305.4","2025-04-29",,,,
"USC00414960","TUSCOLA 2 NW, TX US","32.2262","-99.8173","611.4","2025-04-29",,,,
"USC00412786","EL CAMPO, TX US","29.2","-96.2654","33.5","2025-04-29",,"28.9","21.1","21.1"
"US1TXCML064","NEW BRAUNFELS 6.9 NNE, TX US","29.79429","-98.06831","245.7","2025-04-29",,,,
"US1TXWM0058","ANDICE 1.6 SW, TX US","30.760289","-97.85699","321.6","2025-04-29",,,,
"USC00414967","LAKE ALAN HENRY, TX US","33.06408","-101.04887","695.6","2025-04-29",,"32.2","15.6","17.2"
"USW00000448","RALPH M HALL ROCKWALL MUNICIPAL AIRPORT, TX US","32.93059","-96.43548","175.3","2025-04-29",,"27.8","21.1",
"USC00414583","JERICHO, TX US","35.1884","-100.9286","972.3","2025-04-29",,,,
"USC00414577","JEFFERSON, TX US","32.7692","-94.3591","64.3","2025-04-29",,"29.4","17.2","20.6"
"USC00415429","LULING, TX US","29.6755","-97.6577","121.9","2025-04-29",,"31.7","23.3","23.9"
"US1TXFR0012","DILLEY 0.4 SSW, TX US","28.663225","-99.172441","166.7","2025-04-29",,,,
"US1TXFR0013","PEARSALL 1.4 W, TX US","28.885521","-99.11548","185.9","2025-04-29",,,,
"US1TXFR0015","MOORE 6.1 SE, TX US","28.987184","-98.945726","169.5","2025-04-29",,,,
"USW00003969","STEPHENVILLE 9 NNE, TX US","32.36074","-98.12689","353.9","2025-04-29",,"28.3","20.6","21.7"
"US1TXFR0010","PEARSALL 21.1 WNW, TX US","29.05","-99.389","206.0","2025-04-29",,,,
"USC00413262","FORT DAVIS, TX US","30.5996","-103.887","1482.5","2025-04-29",,"31.1","18.9","31.1"
"USW00003971","DALLAS REDBIRD AIRPORT, TX US","32.67816","-96.86771","200.4","2025-04-29",,"27.8","21.1",
"USC00415435","LUMBERTON, TX US","30.2504","-94.17838","13.1","2025-04-29",,"30.6","19.4","19.4"
"USC00413257","FORT MCKAVETT, TX US","30.82728","-100.11023","661.1","2025-04-29",,"31.7","19.4","19.4"
"US1TXTV0111","AUSTIN 10.8 WSW, TX US","30.195271","-97.90217","277.1","2025-04-29",,,,
"US1TXTV0113","AUSTIN 7.3 SW, TX US","30.207183","-97.843988","229.2","2025-04-29",,,,
"USC00418942","TEXARKANA, TX US","33.4368","-94.0773","118.9","2025-04-29",,"30.0","21.1","21.1"
"USW00000461","MEXIA LIMESTONE CO AIRPORT, TX US","31.64117","-96.51445","166.1","2025-04-29",,"27.2","20.6",
"US1TXFR0001","PEARSALL 10.2 NW, TX US","28.970017","-99.232572","178.9","2025-04-29",,,,
"US1TXTV0117","AUSTIN 5.9 NW, TX US","30.372069","-97.81338","217.6","2025-04-29",,,,
"US1TXFR0002","PEARSALL 7.9 NNW, TX US","28.983055","-99.164713","173.1","2025-04-29",,,,
"USW00000471","PRESIDIO LELY INTERNATIONAL AIRPORT, TX US","29.63421","-104.36149","896.1","2025-04-29",,"36.1","22.8",
"USC00416777","PAMPA 3 E, TX US","35.5665","-100.9288","973.8","2025-04-29",,,,
"USC00417624","RIO GRANDE VILLAGE, TX US","29.1852","-102.9623","566.3","2025-04-29",,"42.2","22.2","26.7"
"USC00416776","PAMPA NUMBER 2, TX US","35.5544","-100.9736","960.1","2025-04-29",,"28.3","10.0","10.0"
"USC00417622","RIO GRANDE CITY, TX US","26.3769","-98.8116","52.4","2025-04-29",,"35.0","23.9","29.4"
"USC00413265","FORT GRIFFIN, TX US","32.9263","-99.2343","388.6","2025-04-29",,"31.1","17.8","18.9"
"US1TXTV0122","AUSTIN 5.6 WSW, TX US","30.280817","-97.839183","240.8","2025-04-29",,,,
"USR0000TBRA","BRAZORIA NWR TEXAS, TX US","29.1417","-95.2917","3.0","2025-04-29","24.8","28.3","21.7",
"USC00413266","FORT HANCOCK 8 SSE, TX US","31.1846","-105.7411","1064.7","2025-04-29",,"33.3","6.7","9.4"
"USC00414597","JOE POOL LAKE, TX US","32.6405","-96.9747","180.1","2025-04-29",,,,
"USW00003985","DALLAS FORT WORTH SPINKS AIRPORT, TX US","32.565","-97.30806","213.4","2025-04-29",,"28.9","21.1",
"USW00000477","ROGER M DREYER MEMORIAL AIRPORT, TX US","29.5291","-97.4643","108.2","2025-04-29",,"31.1","22.8",
"USC00413285","FORT WORTH WSFO, TX US","32.8342","-97.2981","196.3","2025-04-29",,"27.8","20.6","21.7"
"USC00416794","PARIS, TX US","33.6744","-95.5586","165.2","2025-04-29",,,,
"USC00416792","PANTHER JUNCTION, TX US","29.3273","-103.2062","1140.0","2025-04-29",,"36.1","21.1","22.2"
"USC00418964","TEXLINE, TX US","36.3785","-103.0244","1433.8","2025-04-29",,,,
"USW00003999","BURNET MUNICIPAL AIRPORT, TX US","30.74067","-98.23539","386.1","2025-04-29",,"30.6","20.6",
"US1TXGZ0016","LEESVILLE 4.2 NE, TX US","29.465004","-97.726317","136.6","2025-04-29",,,,
"USW00003991","DENTON MUNICPAL AIRPORT, TX US","33.20883","-97.19922","194.6","2025-04-29",,"28.3","21.7",
"US1TXCLN012","CLYDE 7.2 SSW, TX US","32.314623","-99.564557","616.3","2025-04-29",,,,
"US1TXWK0031","HUNTSVILLE 4.7 S, TX US","30.64367","-95.54865","117.7","2025-04-29",,,,
"US1TXWK0032","HUNTSVILLE 1.9 NW, TX US","30.731108","-95.573662","115.5","2025-04-29",,,,
"US1TXHYS195","WIMBERLEY 4.2 NNW, TX US","30.04374","-98.13841","305.7","2025-04-29",,,,
"US1TXHYS197","DRIPPING SPRINGS 2.1 ESE, TX US","30.17719","-98.05511","332.5","2025-04-29",,,,
"US1TXCLY009","WICHITA FALLS 10.6 E, TX US","33.9161","-98.3323","314.6","2025-04-29",,,,
"USC00413691","GRAPEVINE DAM, TX US","32.9506","-97.0553","178.3","2025-04-29",,,,
"USC00410176","ALPINE 7 NW, TX US","30.3703","-103.7808","1500.2","2025-04-29",,"30.0","21.1","23.3"
"US1TXKR0015","INGRAM 8.6 WSW, TX US","30.021879","-99.364192","555.7","2025-04-29",,,,
"US1TXCLY010","HALSELL 3.7 NW, TX US","33.758593","-98.395209","290.5","2025-04-29",,,,
"US1TXGZ0021","GONZALES 4.4 NNW, TX US","29.5645398","-97.4814345","110.9","2025-04-29",,,,
"US1TXRT0003","HEARNE 2.5 E, TX US","30.8732468","-96.552798","98.1","2025-04-29",,,,
"US1TXJW0006","ORANGE GROVE 3.3 NW, TX US","27.992672","-97.973464","64.3","2025-04-29",,,,
"USC00411042","BRECKENRIDGE, TX US","32.75","-98.9016","356.6","2025-04-29",,,,
"USC00411033","BRAVO, TX US","35.6201","-103.0071","1268.0","2025-04-29",,"24.4","6.1","13.3"
"US1TXBST200","CIRCLE D KC ESTATES 0.9 NE, TX US","30.17135","-97.22315","169.5","2025-04-29",,,,
"US1TXTT0006","TRINITY 2.9 E, TX US","30.9441465139389","-95.3236739337444","52.7","2025-04-29",,,,
"US1TXCMP004","PITTSBURG 3.8 SSW, TX US","32.9436188","-94.9847098","116.7","2025-04-29",,,,
"US1TXCMP002","PITTSBURG 3.1 W, TX US","32.988937","-95.018343","130.8","2025-04-29",,,,
"US1TXGZ0030","WAELDER 7.0 WNW, TX US","29.718991","-97.408594","118.0","2025-04-29",,,,
"USC00413214","FLOYDADA, TX US","33.98485","-101.33386","970.2","2025-04-29",,"28.9","13.9","14.4"
"USC00413215","FLOYDADA 9 SE, TX US","33.8761","-101.2463","954.0","2025-04-29",,,,
"US1TXGZ0034","GONZALES 6.7 NNW, TX US","29.6011049","-97.4815463","125.3","2025-04-29",,,,
"US1TXGZ0031","LULING 7.6 S, TX US","29.57324","-97.64907","136.2","2025-04-29",,,,
"US1TXGZ0035","GONZALES 6.2 ESE, TX US","29.48673","-97.34774","93.0","2025-04-29",,,,
"US1TXJW0014","SANDIA 1.0 NW, TX US","28.030436","-97.89319","50.6","2025-04-29",,,,
"US1TXHYS171","SAN MARCOS 3.4 WSW, TX US","29.86275","-97.98257","203.3","2025-04-29",,,,
"US1TXHYS172","SAN MARCOS 2.8 WSW, TX US","29.862923","-97.970345","139.0","2025-04-29",,,,
"US1TXFA0015","ROSEBUD 6.6 ENE, TX US","31.107973","-96.871072","132.0","2025-04-29",,,,
"US1TXJW0017","ALICE 9.6 SW, TX US","27.64777","-98.16554","68.9","2025-04-29",,,,
"USC00415893","WEATHER FORECAST OFFICE MIDLAND, TX US","31.94262","-102.18955","875.4","2025-04-29",,"32.2","20.6","21.1"
"USC00416740","PADUCAH 7 E, TX US","34.02316","-100.18419","527.3","2025-04-29",,"31.7","15.6","15.6"
"US1TXJW0015","PREMONT 0.9 WSW, TX US","27.35256","-98.137676","53.0","2025-04-29",,,,
"US1TXJW0016","PREMONT 5.0 SSW FARMS RANCH, TX US","27.29378","-98.16029","46.0","2025-04-29",,,,
"US1TXTV0164","AUSTIN 4.1 SW, TX US","30.2277973","-97.793987","205.4","2025-04-29",,,,
"USC00411045","BREMOND, TX US","31.15874","-96.68288","135.9","2025-04-29",,,,
"US1TXTV0167","AUSTIN 3.0 E, TX US","30.313772","-97.700804","199.0","2025-04-29",,,,
"USC00411048","BRENHAM, TX US","30.1591","-96.3972","95.4","2025-04-29",,"29.4","22.2","22.2"
"USC00413225","FOLLETT, TX US","36.4327","-100.1369","844.3","2025-04-29",,"30.0","12.2","12.2"
"USC00415409","LUBBOCK WEATHER FORECAST OFFICE, TX US","33.5281","-101.8761","986.0","2025-04-29",,"23.3","13.3","13.3"
"USC00416739","PADRE ISLAND AT CORPUS CHRISTI, TX US","27.59049","-97.23047","2.4","2025-04-29",,,,
"USR0000TSOU","SOUTHERN ROUGH TEXAS, TX US","30.5403","-94.3411","30.5","2025-04-29","22.7","30.6","17.2",
"US1TXFA0006","LOTT 7.2 WSW, TX US","31.168434","-97.146591","165.2","2025-04-29",,,,
"US1TXMVR016","LION TANK, TX US","28.2415911","-100.1253785","202.1","2025-04-29",,,,
"US1TXMNT008","NOCONA 0.4 NE, TX US","33.787113","-97.724629","299.9","2025-04-29",,,,
"US1TXHYS188","SAN MARCOS 3.7 N, TX US","29.933295","-97.924692","231.0","2025-04-29",,,,
"US1TXFA0001","MARLIN 0.9 ESE, TX US","31.3063","-96.8784","124.1","2025-04-29",,,,
"USC00414570","JAYTON, TX US","33.25426","-100.57305","612.6","2025-04-29",,"33.9","13.9","16.1"
"USC00415897","MIDLOTHIAN, TX US","32.49156","-96.99915","230.1","2025-04-29",,,,
"USC00414563","JASPER, TX US","30.9152","-94.0097","62.5","2025-04-29",,,,
"USC00416742","PADUCAH 15 S, TX US","33.80824","-100.29793","566.3","2025-04-29",,"31.1","15.0","15.6"
"USC00415410","LUBBOCK 9 N, TX US","33.6897","-101.8219","989.1","2025-04-29",,,,
"USC00416747","PAINT ROCK, TX US","31.50649","-99.93068","504.1","2025-04-29",,"33.9","18.9","21.1"
"US1TXHYS191","DRIPPING SPRINGS 4.8 ENE, TX US","30.212847","-98.0129134","342.0","2025-04-29",,,,
"USC00416745","PADUCAH 10 S, TX US","33.8758","-100.383","594.4","2025-04-29",,,,
"USW00093955","PARIS, TX US","33.63333","-95.45","166.7","2025-04-29",,"27.8","20.0",
"US1TXCLR014","CAT SPRING 6.9 W, TX US","29.84","-96.44","106.4","2025-04-29",,,,
"US1TXCLR013","WEIMAR 5.0 E, TX US","29.71327","-96.69594","96.9","2025-04-29",,,,
"US1TXWO0010","ELMENDORF 5.6 ENE, TX US","29.282869","-98.245602","182.9","2025-04-29",,,,
"US1TXCLR016","COLUMBUS 4.0 SSE, TX US","29.6546885","-96.5163882","62.8","2025-04-29",,,,
"US1TXHYS273","WIMBERLEY 0.5 ESE, TX US","29.98992","-98.09317","265.8","2025-04-29",,,,
"US1TXCLR015","WEIMAR 9.3 SE, TX US","29.601003","-96.675236","87.5","2025-04-29",,,,
"US1TXCLR018","COLUMBUS 9.5 NE, TX US","29.805458","-96.44345","98.8","2025-04-29",,,,
"US1TXHYS276","WIMBERLEY 6.2 NNW, TX US","30.08063","-98.126574","399.9","2025-04-29",,,,
"US1TXHYS277","BUDA 2.0 NW, TX US","30.104453","-97.865403","231.6","2025-04-29",,,,
"US1TXCLR019","COLUMBUS 4.7 ENE, TX US","29.7377739","-96.4825443","75.9","2025-04-29",,,,
"US1TXTV0065","LOST CREEK 2.7 NW, TX US","30.325904","-97.871086","227.7","2025-04-29",,,,
"US1TXGS0084","FREDERICKSBURG 3.4 NNE, TX US","30.31507","-98.84932","549.6","2025-04-29",,,,
"USW00012947","COTULLA LA SALLE CO AIRPORT, TX US","28.45854","-99.22275","144.0","2025-04-29",,"36.7","24.4",
"US1TXGS0081","FREDERICKSBURG 1.4 WSW, TX US","30.261785","-98.893875","537.1","2025-04-29",,,,
"US1TXCLR021","WEIMAR 10.8 SSE, TX US","29.5650693","-96.6886724","95.7","2025-04-29",,,,
"US1TXCLR020","WEIMAR 0.3 WSW, TX US","29.69943","-96.783898","128.9","2025-04-29",,,,
"US1TXWO0014","ST. HEDWIG 4.9 S, TX US","29.354481","-98.205157","175.6","2025-04-29",,,,
"US1TXCLR022","WEIMAR 4.8 ESE, TX US","29.66433","-96.711","109.4","2025-04-29",,,,
"US1TXMDL062","MIDLAND 4.7 NNE, TX US","32.08505","-102.05892","854.0","2025-04-29",,,,
"US1TXHYS281","SAN MARCOS 1.5 NW, TX US","29.89355","-97.94788","221.9","2025-04-29",,,,
"US1TXCLR025","WEIMAR 9.4 SE, TX US","29.594832","-96.679102","89.0","2025-04-29",,,,
"US1TXGS0069","HARPER 5.3 ESE, TX US","30.26463","-99.16558","600.5","2025-04-29",,,,
"USC00418433","SNYDER, TX US","32.7101","-100.9112","706.8","2025-04-29",,"33.3","19.4","19.4"
"US1TXGS0068","FREDERICKSBURG 16.4 WNW, TX US","30.3902","-99.1092","608.4","2025-04-29",,,,
"USW00012961","KERRVILLE MUNICIPAL AIRPORT, TX US","29.98333","-99.08333","492.9","2025-04-29",,"30.0","20.6",
"USW00012962","HONDO MUNICIPAL AIRPORT, TX US","29.36013","-99.17423","281.0","2025-04-29",,"33.3","21.7",
"US1TXHYS284","SAN MARCOS 5.6 NNE, TX US","29.95706","-97.90086","195.7","2025-04-29",,,,
"US1TXHYS285","DRIPPING SPRINGS 4.9 ESE, TX US","30.1683363","-98.0099689","341.7","2025-04-29",,,,
"USW00012960","HOUSTON INTERCONTINENTAL AIRPORT, TX US","29.98438","-95.36072","27.5","2025-04-29","25.5","28.9","21.1",
"US1TXHYS286","WIMBERLEY 5.3 WNW, TX US","30.026788","-98.181023","353.0","2025-04-29",,,,
"US1TXHYS287","WIMBERLEY 1.6 SE, TX US","29.974939","-98.084084","334.7","2025-04-29",,,,
"US1TXHYS288","BUDA 3.9 WNW, TX US","30.1005893","-97.9022853","253.6","2025-04-29",,,,
"US1TXGS0071","KERRVILLE 6.7 N, TX US","30.13811","-99.14165","602.6","2025-04-29",,,,
"USW00012959","MCALLEN MILLER INTERNATIONAL AIRPORT, TX US","26.17912","-98.2445","30.1","2025-04-29",,"33.3","24.4",
"USW00012957","PORT ISABEL CAMERON CO AIRPORT, TX US","26.15966","-97.33781","5.1","2025-04-29",,"30.6","24.4",
"US1TXTN0030","WATAUGA 1.9 NW, TX US","32.889919","-97.2742","207.9","2025-04-29",,,,
"US1TXHYS290","BUDA 3.8 WNW, TX US","30.1052419","-97.8993711","258.8","2025-04-29",,,,
"US1TXSH0004","BRECKENRIDGE 14.2 NE, TX US","32.893625","-98.729066","368.8","2025-04-29",,,,
"US1TXHYS256","DRIPPING SPRINGS 5.9 WNW, TX US","30.2166","-98.1819","431.9","2025-04-29",,,,
"US1TXDA0003","UNIVERSITY PARK 3.1 WNW, TX US","32.863","-96.845","159.1","2025-04-29",,,,
"USC00414081","HENDERSON, TX US","32.18265","-94.7967","140.5","2025-04-29",,"30.6","20.6","21.7"
"USR0000TBIR","BIRD TEXAS, TX US","30.2625","-98.6289","457.2","2025-04-29","24.2","29.4","20.6",
"USW00012975","HOUSTON CLOVER FIELD, TX US","29.51924","-95.2423","11.9","2025-04-29",,"27.2","21.7",
"USW00012972","ROCKPORT ARANSAS CO AIRPORT, TX US","28.08366","-97.04669","7.5","2025-04-29",,"28.9","24.4",
"USC00414083","ALLISON 5 ENE, TX US","35.64236","-100.03144","783.0","2025-04-29",,,,
"US1TXHYS251","WIMBERLEY 5.0 ENE, TX US","30.0167448","-98.0222297","330.1","2025-04-29",,,,
"US1TXDA0004","ROWLETT 2.3 NW, TX US","32.932145","-96.57692","164.9","2025-04-29",,,,
"US1TXGS0099","WILLOW CITY 1.5 NNE, TX US","30.42095","-98.69074","532.5","2025-04-29",,,,
"USW00012970","SAN ANTONIO STINSON MUNICIPAL AIRPORT, TX US","29.33896","-98.47198","173.1","2025-04-29",,"32.2","22.8",
"USW00012971","NEW BRAUNFELS MUNICIPAL AIRPORT, TX US","29.70887","-98.04585","197.6","2025-04-29",,"31.1","22.2",
"US1TXGD0031","GOLIAD 8.7 NNW, TX US","28.78611111","-97.4475","90.5","2025-04-29",,,,
"USC00417111","PLEASANTON, TX US","28.9605","-98.4772","109.1","2025-04-29",,,,
"US1TXTV0087","AUSTIN 3.9 NNE, TX US","30.3574","-97.72355","229.2","2025-04-29",,,,
"USC00417588","RICHARDSON, TX US","32.9963","-96.7427","206.7","2025-04-29",,"28.9","22.2","23.9"
"USC00411800","CLEBURNE, TX US","32.3138","-97.4061","238.7","2025-04-29",,"26.1","20.6","21.7"
"USC00416270","NEW BOSTON, TX US","33.4547","-94.4088","105.2","2025-04-29",,,,
"US1TXDA0013","DALLAS 7.2 SW, TX US","32.709079","-96.83827","178.3","2025-04-29",,,,
"US1TXBND085","LAKEHILLS 0.8 WSW, TX US","29.5991867","-98.955598","353.9","2025-04-29",,,,
"US1TXBND086","MEDINA 6.7 N, TX US","29.8919","-99.2628","510.2","2025-04-29",,,,
"USW00012985","GARNER FIELD AIRPORT, TX US","29.21139","-99.74361","287.1","2025-04-29",,"33.3","21.1",
"USC00416273","NEW BRAUNFELS WEATHER FORECAST OFFICE, TX US","29.70439","-98.0283","191.1","2025-04-29",,"29.4","22.2","22.2"
"US1TXJS0007","KIRBYVILLE 6.9 NNW, TX US","30.75335","-93.9361","71.9","2025-04-29",,,,
"US1TXTN0055","FORT WORTH 11.8 NW, TX US","32.893","-97.45193333","206.0","2025-04-29",,,,
"US1TXDA0016","DUNCANVILLE 1.7 NNW, TX US","32.669782","-96.921618","214.6","2025-04-29",,,,
"US1TXGS0089","FREDERICKSBURG 12.5 NW, TX US","30.39351","-99.024957","627.9","2025-04-29",,,,
"USW00093983","PALESTINE MUNICIPAL AIRPORT, TX US","31.77972","-95.70639","128.9","2025-04-29",,"27.8","21.1",
"USW00093984","TEMPLE DRAUGHTON MIL, TX US","31.15","-97.41667","207.9","2025-04-29",,"29.4","21.1",
"US1TXGS0087","FREDERICKSBURG 9.7 NNE, TX US","30.397178","-98.803547","588.3","2025-04-29",,,,
"USW00093985","MINERAL WELLS AIRPORT, TX US","32.78155","-98.06023","287.1","2025-04-29",,"30.0","21.1",
"US1TXJS0003","KIRBYVILLE 1.5 SE, TX US","30.64054","-93.88509","36.0","2025-04-29",,,,
"US1TXHYS266","WOODCREEK 0.3 SE, TX US","30.02782","-98.10894","300.5","2025-04-29",,,,
"USW00093987","LUFKIN ANGELINA CO AIRPORT, TX US","31.23593","-94.75468","87.1","2025-04-29",,"28.3","20.0",
"US1TXGS0095","FREDERICKSBURG 8.0 N, TX US","30.3862534","-98.8617172","635.8","2025-04-29",,,,
"US1TXWO0005","FLORESVILLE 8.1 NNW, TX US","29.249549","-98.195823","177.1","2025-04-29",,,,
"US1TXBEL099","TEMPLE 3.3 SSE, TX US","31.056726","-97.335372","190.8","2025-04-29",,,,
"US1TXBEL097","NOLANVILLE 0.9 E, TX US","31.079654","-97.595417","222.8","2025-04-29",,,,
"US1TXGS0092","FREDERICKSBURG 6.1 NE, TX US","30.3312453","-98.7977376","529.1","2025-04-29",,,,
"US1TXBEL098","BELTON 3.8 SW, TX US","31.0282607","-97.5086729","193.2","2025-04-29",,,,
"USC00418446","SOMERVILLE DAM, TX US","30.3368","-96.5402","80.2","2025-04-29",,"30.0","22.2","22.8"
"USW00012978","FAYETTE REGIONAL AIR CENTER AIRPORT, TX US","29.90778","-96.95","98.8","2025-04-29",,"30.0","22.2",
"US1TXBEL096","TEMPLE 3.0 SSE, TX US","31.058244","-97.34117","196.0","2025-04-29",,,,
"USW00012979","SAN MARCOS MUNICIPAL AIRPORT, TX US","29.89083","-97.86444","182.0","2025-04-29",,"31.1","22.2",
"USW00012976","ANGLETON LAKE JACKSON BRAZORIA CO AIRPORT, TX US","29.11536","-95.46323","7.7","2025-04-29",,"30.0","20.6",
"USC00418449","SONORA, TX US","30.55071","-100.65191","643.7","2025-04-29",,"31.7","7.2","19.4"
"US1TXCKE002","BRONTE 5.0 NNE, TX US","31.95475","-100.27253","600.2","2025-04-29",,,,
"US1TXTV0096","TANGLEWOOD FOREST 2.9 E, TX US","30.177585","-97.78995","213.7","2025-04-29",,,,
"US1TXHYS234","WIMBERLEY 8.7 NW, TX US","30.085","-98.201","404.5","2025-04-29",,,,
"US1TXBND073","BANDERA 2.2 SSE, TX US","29.694511","-99.065135","404.2","2025-04-29",,,,
"US1TXBND070","BANDERA 6.1 ESE, TX US","29.692531","-98.978916","343.8","2025-04-29",,,,
"US1TXBND076","BANDERA 4.9 NE, TX US","29.774084","-99.016171","461.2","2025-04-29",,,,
"US1TXGD0016","BEEVILLE 12.6 NNE, TX US","28.5825","-97.700567","102.4","2025-04-29",,,,
"US1TXGD0017","GOLIAD 0.1 S, TX US","28.66765","-97.3918","53.3","2025-04-29",,,,
"US1TXBND074","BANDERA 0.8 NW, TX US","29.7320662","-99.0837625","390.1","2025-04-29",,,,
"US1TXGS0039","HARPER 4.9 N, TX US","30.371111","-99.252778","659.6","2025-04-29",,,,
"US1TXBND075","BANDERA 5.9 NW, TX US","29.7893","-99.1372","452.0","2025-04-29",,,,
"US1TXNU0095","CORPUS CHRISTI 8.7 SSE, TX US","27.594267","-97.226781","2.1","2025-04-29",,,,
"USC00416680","ORANGE 9 N, TX US","30.22664","-93.739","7.0","2025-04-29",,"29.4","19.4","21.1"
"US1TXGD0012","GOLIAD 11.5 N, TX US","28.834927","-97.407655","82.6","2025-04-29",,,,
"USC00418862","TAYLOR 1 NW, TX US","30.5844","-97.4156","174.0","2025-04-29",,"29.4","22.2","22.2"
"US1TXNU0092","CORPUS CHRISTI 3.1 WNW, TX US","27.717188","-97.341997","7.3","2025-04-29",,,,
"US1TXMLM037","BURLINGTON 4.6 SW, TX US","30.962535","-97.042889","116.4","2025-04-29",,,,
"USC00418863","TAYLOR RANCH, TX US","30.95914","-98.93761","572.4","2025-04-29",,,,
"US1TXNU0091","PORT ARANSAS 4.0 SSW, TX US","27.77628","-97.10347","1.8","2025-04-29",,,,
"US1TXMLM036","CAMERON 1.0 E, TX US","30.85705","-96.96045","118.0","2025-04-29",,,,
"US1TXGS0033","FREDERICKSBURG 8.3 SSW, TX US","30.156659","-98.914976","579.4","2025-04-29",,,,
"US1TXHYS232","DRIFTWOOD 2.6 ENE, TX US","30.13448","-97.98947","322.5","2025-04-29",,,,
"US1TXMLM033","MILANO 3.6 NW, TX US","30.741367","-96.905385","137.5","2025-04-29",,,,
"US1TXMLM032","CAMERON 4.6 SE, TX US","30.81967","-96.914707","143.3","2025-04-29",,,,
"USW00012987","EDINBURG 17 NNE, TX US","26.5258","-98.0633","19.5","2025-04-29",,"32.2","23.6",
"US1TXMLM041","ROCKDALE 4.7 ENE, TX US","30.668616","-96.929955","146.3","2025-04-29",,,,
"US1TXGD0027","GOLIAD 6.5 WNW, TX US","28.702768","-97.491219","75.0","2025-04-29",,,,
"US1TXBND064","BANDERA 9.5 WNW, TX US","29.797282","-99.207719","446.8","2025-04-29",,,,
"US1TXGS0026","FREDERICKSBURG 11.4 NE, TX US","30.383283","-98.732096","561.4","2025-04-29",,,,
"US1TXGS0025","WILLOW CITY 4.3 W, TX US","30.41029","-98.77303","580.9","2025-04-29",,,,
"US1TXGD0024","BERCLAIR 7.3 NW, TX US","28.6137776076794","-97.6647307723761","100.0","2025-04-29",,,,
"US1TXHYS241","DRIPPING SPRINGS 4.7 ENE, TX US","30.2085","-98.013","356.9","2025-04-29",,,,
"US1TXMLM046","CAMERON 5.6 NNE, TX US","30.9298","-96.93335","103.0","2025-04-29",,,,
"USC00416210","NAVARRO MILLS DAM, TX US","31.9611","-96.688","138.4","2025-04-29",,"26.7","21.1","22.8"
"US1TXHYS244","DRIPPING SPRINGS 5.3 E, TX US","30.2031945","-98.0017022","373.1","2025-04-29",,,,
"USC00419717","WHITSETT, TX US","28.6314","-98.2775","63.4","2025-04-29",,,,
"USC00419711","WHITE RIVER RESERVOIR, TX US","33.45634","-101.09245","734.3","2025-04-29",,"31.1","15.0","15.6"
"USC00410902","BOERNE, TX US","29.7986","-98.7353","440.4","2025-04-29",,"30.0","20.6","20.6"
"US1TXHYS215","DRIPPING SPRINGS 1.5 NNE, TX US","30.208889","-98.081389","339.9","2025-04-29",,,,
"US1TXBND054","MEDINA 3.4 NNW, TX US","29.84333333","-99.26944444","462.4","2025-04-29",,,,
"USW00093937","SULPHUR SPRINGS MUNICIPAL AIRPORT, TX US","33.16667","-95.61667","149.0","2025-04-29",,"28.3","21.7",
"US1TXBND055","MEDINA 1.1 S, TX US","29.7811","-99.2453","473.4","2025-04-29",,,,
"US1TXHYS217","DRIPPING SPRINGS 3.2 W, TX US","30.192","-98.1421","366.1","2025-04-29",,,,
"US1TXGS0059","FREDERICKSBURG 16.1 WSW, TX US","30.224289","-99.136361","608.4","2025-04-29",,,,
"USR0000TBEL","BALCONES TEXAS, TX US","30.5661","-98.0389","315.5","2025-04-29","25.3","31.1","22.2",
"US1TXGS0055","HARPER 1.0 NW, TX US","30.310006","-99.256235","631.5","2025-04-29",,,,
"USC00413195","FLOMOT 2 E, TX US","34.2319","-100.9561","720.9","2025-04-29",,,,
"US1TXGS0053","FREDERICKSBURG 12.1 NNE, TX US","30.4391851","-98.8157795","521.8","2025-04-29",,,,
"US1TXHYS210","WIMBERLEY 5.1 WNW, TX US","30.021704","-98.179292","345.3","2025-04-29",,,,
"US1TXBEE021","BEEVILLE 3.7 NNE, TX US","28.45764","-97.73447","84.1","2025-04-29",,,,
"US1TXHYS211","SAN MARCOS 2.1 WNW, TX US","29.889102","-97.962914","231.6","2025-04-29",,,,
"USC00415369","LOS ANGELES 4 WSW, TX US","28.44879","-99.066","128.3","2025-04-29",,,,
"USR0000TWOO","WOODVILLE TEXAS, TX US","30.75","-94.4","115.8","2025-04-29","23.7","28.9","20.0",
"USC00418877","TEAGUE RANCH, TX US","30.4332","-98.8097","524.3","2025-04-29",,,,
"US1TXHYS223","WIMBERLEY 2.5 N, TX US","30.028971","-98.109384","299.0","2025-04-29",,,,
"USW00093947","FREDERICKSBURG GILLESPIE CO AIRPORT, TX US","30.24333","-98.90972","516.6","2025-04-29",,"28.9","20.0",
"US1TXHYS226","SAN MARCOS 5.5 NNW, TX US","29.955142","-97.958347","224.0","2025-04-29",,,,
"US1TXGD0004","GOLIAD 14.5 WNW, TX US","28.742355","-97.615537","79.9","2025-04-29",,,,
"US1TXHYS228","DRIPPING SPRINGS 6.2 E, TX US","30.18269","-97.98554","339.5","2025-04-29",,,,
"US1TXBEE018","BEEVILLE 9.0 S, TX US","28.2751067","-97.7600733","57.0","2025-04-29",,,,
"US1TXBND042","UTOPIA 2.7 ENE, TX US","29.636861","-99.489914","435.6","2025-04-29",,,,
"US1TXCLR006","NEW ULM 7.2 S, TX US","29.7891","-96.477","100.0","2025-04-29",,,,
"US1TXCLR010","NEW ULM 5.1 S, TX US","29.8188003","-96.4780306","116.4","2025-04-29",,,,
"US1TXBND048","PIPE CREEK 2.7 S, TX US","29.684101","-98.926803","396.8","2025-04-29",,,,
"USC00410923","BONHAM 3 NNE, TX US","33.64007","-96.16683","182.3","2025-04-29",,"27.2","22.2","22.8"
"US1TXHRR093","PASADENA 4.4 WNW, TX US","29.684861","-95.219703","9.1","2025-04-29",,,,
"USC00417172","PORT ARTHUR CITY, TX US","29.9044","-93.9708","1.5","2025-04-29",,,,
"US1TXWM0001","GEORGETOWN 1.2 W, TX US","30.650374","-97.706937","243.8","2025-04-29",,,,
"USC00417176","PORT ARANSAS 11 SSW, TX US","27.6998","-97.158","1.8","2025-04-29",,"28.3","24.4","25.0"
"US1TXFN0011","LADONIA 2.3 SE, TX US","33.4037","-95.9187","187.1","2025-04-29",,,,
"USC00417179","PORT ISABEL, TX US","26.0949","-97.30696","3.7","2025-04-29",,"28.3","23.9","25.6"
"US1TXFN0005","DODD CITY 3.0 NNW, TX US","33.614237","-96.097774","174.3","2025-04-29",,,,
"US1TXBXR298","CASTROVILLE 7.0 NE, TX US","29.430345","-98.804456","302.7","2025-04-29",,,,
"US1TXCML112","SPRING BRANCH 7.5 NE, TX US","29.951096","-98.322399","352.3","2025-04-29",,,,
"US1TXFN0003","BONHAM 4.0 NE, TX US","33.637838","-96.140848","178.9","2025-04-29",,,,
"US1TXFN0009","LEONARD 3.3 N, TX US","33.428706","-96.250637","217.6","2025-04-29",,,,
"US1TXHYS202","SAN MARCOS 4.4 WSW, TX US","29.86377","-98.00006","222.2","2025-04-29",,,,
"US1TXHYS204","DRIPPING SPRINGS 9.9 NNW, TX US","30.32639","-98.13222","309.1","2025-04-29",,,,
"US1TXHYS205","BUDA 1.9 WNW, TX US","30.091418","-97.870551","230.4","2025-04-29",,,,
"USC00419367","VICTORIA REGIONAL AIRPORT, TX US","28.8439","-96.9214","31.7","2025-04-29",,"28.9","22.2","25.0"
"USC00417184","PORT MANSFIELD, TX US","26.5534","-97.42776","1.8","2025-04-29",,"28.9","23.9","25.0"
"US1TXMLM002","ROCKDALE 3.6 SSW, TX US","30.608123","-97.031704","146.9","2025-04-29",,,,
"US1TXMLM001","THORNDALE 8.8 N, TX US","30.740862","-97.213828","149.7","2025-04-29",,,,
"US1TXBXR287","HELOTES 2.0 S, TX US","29.53929","-98.696927","305.7","2025-04-29",,,,
"USC00411875","COLEMAN, TX US","31.82795","-99.41777","514.2","2025-04-29",,"30.6","21.7","21.7"
"US1TXNU0038","CORPUS CHRISTI 4.8 W, TX US","27.808389","-97.470553","13.1","2025-04-29",,,,
"US1TXNU0075","CORPUS CHRISTI 8.3 SSE, TX US","27.59483","-97.23969","0.6","2025-04-29",,,,
"USC00418040","SANFORD DAM, TX US","35.7048","-101.5492","894.9","2025-04-29",,"26.7","15.6",
"US1TXGS0018","FREDERICKSBURG 12.2 W, TX US","30.2617044","-99.0766134","617.8","2025-04-29",,,,
"US1TXWM0022","LIBERTY HILL 0.6 NNW, TX US","30.671343","-97.928297","317.3","2025-04-29",,,,
"USR0000TSBS","SABINE SOUTH TEXAS, TX US","31.2803","-93.8386","101.2","2025-04-29","24.5","30.6","20.6",
"US1TXMLM017","GAUSE 2.5 W, TX US","30.78998333","-96.76308333","152.7","2025-04-29",,,,
"USC00418046","SANTA ANNA 12 SSE, TX US","31.59061","-99.22579","432.2","2025-04-29",,,,
"US1TXWO0075","FLORESVILLE 0.8 N, TX US","29.14792","-98.1574","132.0","2025-04-29",,,,
"US1TXWO0071","LA VERNIA 4.5 SW, TX US","29.301953","-98.157873","193.2","2025-04-29",,,,
"USC00411880","COLETO CREEK RESERVOIR, TX US","28.7156","-97.1742","36.0","2025-04-29",,"28.3","22.8","22.8"
"USR0000TBAR","BARNHART TEXAS, TX US","30.9856","-101.1578","780.9","2025-04-29","24.3","29.4","20.6",
"US1TXCML134","NEW BRAUNFELS 5.6 WNW, TX US","29.73346","-98.20421","278.3","2025-04-29",,,,
"USR0000TBAS","BASTROP TEXAS, TX US","30.1742","-97.2564","116.7","2025-04-29","25.4","30.6","22.8",
"US1TXCML139","NEW BRAUNFELS 13.1 NW, TX US","29.829718","-98.281219","392.6","2025-04-29",,,,
"US1TXWM0026","GEORGETOWN 4.7 NNE, TX US","30.713129","-97.668105","228.9","2025-04-29",,,,
"US1TXNU0068","ROBSTOWN 6.2 ENE, TX US","27.845392","-97.574259","21.3","2025-04-29",,,,
"US1TXMDL018","MIDLAND 12.1 S, TX US","31.85215","-102.07606","854.0","2025-04-29",,,,
"US1TXMLM020","CAMERON 1.5 NW, TX US","30.87223","-96.99593","130.8","2025-04-29",,,,
"USC00419380","VIGO PARK, TX US","34.65084","-101.49805","1032.1","2025-04-29",,"27.8","11.7","12.2"
"US1TXNU0061","CORPUS CHRISTI 6.9 SE, TX US","27.625833","-97.226111","2.7","2025-04-29",,,,
"US1TXWM0013","LEANDER 1.6 NW, TX US","30.580972","-97.876524","315.8","2025-04-29",,,,
"US1TXMLM025","ROCKDALE 6.2 ESE, TX US","30.6327","-96.907","153.3","2025-04-29",,,,
"US1TXMLM024","MILANO 5.2 ENE, TX US","30.721773","-96.773373","136.9","2025-04-29",,,,
"US1TXMLM022","MILANO 5.2 SSE, TX US","30.6398230791092","-96.8212779611349","143.6","2025-04-29",,,,
"US1TXCML142","NEW BRAUNFELS 10.2 N, TX US","29.8509438335896","-98.12673792243","301.1","2025-04-29",,,,
"US1TXCML143","NEW BRAUNFELS 1.9 SSE, TX US","29.677673","-98.110763","213.4","2025-04-29",,,,
"US1TXCML145","GARDEN RIDGE 3.9 NW, TX US","29.6795330047607","-98.3322677612305","306.0","2025-04-29",,,,
"USC00412741","EDEN, TX US","31.22102","-99.85015","624.2","2025-04-29",,"31.7","18.9","21.1"
"US1TXMLM018","GAUSE 2.8 NNW, TX US","30.818171","-96.748496","101.5","2025-04-29",,,,
"US1TXCML141","NEW BRAUNFELS 4.6 W, TX US","29.710922","-98.193596","302.1","2025-04-29",,,,
"USC00410569","BAY CITY WATERWORKS, TX US","28.9798","-95.9749","15.8","2025-04-29",,"27.8","20.6","22.2"
"US1TXCML146","GARDEN RIDGE 3.4 NW, TX US","29.6723","-98.3309","322.2","2025-04-29",,,,
"US1TXCML147","GARDEN RIDGE 3.7 NW, TX US","29.678047","-98.32866","296.9","2025-04-29",,,,
"US1TXMDL006","MIDLAND 3.0 WSW, TX US","32.00634","-102.14626","868.4","2025-04-29",,,,
"US1TXNU0012","ORANGE GROVE 4.5 SE, TX US","27.908074","-97.889426","36.0","2025-04-29",,,,
"US1TXBRL014","SOMERVILLE 9.2 W, TX US","30.35868","-96.6834889","88.7","2025-04-29",,,,
"US1TXWO0053","FALLS CITY 8.3 WSW, TX US","28.95385","-98.15503","124.1","2025-04-29",,,,
"US1TXMDL030","MIDLAND 2.7 S, TX US","31.988047","-102.108696","866.2","2025-04-29",,,,
"US1TXWO0054","LA VERNIA 3.0 E, TX US","29.347053","-98.064753","142.6","2025-04-29",,,,
"US1TXWO0055","FLORESVILLE 5.7 WNW, TX US","29.1797","-98.2366","150.9","2025-04-29",,,,
"US1TXBRL011","CALDWELL 1.8 NE, TX US","30.547313","-96.68088","117.0","2025-04-29",,,,
"USW00012904","HARLINGEN RIO GRANDE VALLEY INTERNATIONAL AIRPORT, TX US","26.2303","-97.65565","9.5","2025-04-29",,"31.7","23.3",
"US1TXMDL036","MIDLAND 5.8 SSE, TX US","31.9482574462891","-102.062431335449","848.0","2025-04-29",,,,
"US1TXWO0056","STOCKDALE 8.4 N, TX US","29.355476","-97.952019","183.2","2025-04-29",,,,
"USR0000TSAB","SAN BERNARD TEXAS, TX US","28.8647","-95.5678","6.4","2025-04-29","25.4","28.3","23.3",
"US1TXNU0007","CORPUS CHRISTI 9.0 SSE, TX US","27.590507","-97.224739","2.1","2025-04-29",,,,
"US1TXNU0009","CORPUS CHRISTI 6.4 WSW, TX US","27.686549","-97.395051","11.0","2025-04-29",,,,
"USW00012909","SAN ANTONIO KELLY FIELD AFB, TX US","29.38333","-98.58333","207.9","2025-04-29",,"32.2","22.2",
"USW00012907","LAREDO INTERNATIONAL AIRPORT, TX US","27.53333","-99.46667","150.6","2025-04-29",,"35.6","23.9",
"US1TXHRR027","BUNKER HILL VILLAGE 3.6 NNW, TX US","29.813836","-95.550465","29.0","2025-04-29",,,,
"USC00418477","SOUTHLAND, TX US","33.36232","-101.55099","920.5","2025-04-29",,,,
"USC00417140","POINT COMFORT, TX US","28.6575","-96.5553","6.1","2025-04-29",,"28.3","23.3","24.4"
"US1TXWO0060","FLORESVILLE 10.0 NW, TX US","29.227554","-98.285859","137.2","2025-04-29",,,,
"US1TXWO0061","LA VERNIA 2.7 SW, TX US","29.326765","-98.14599","217.9","2025-04-29",,,,
"USW00012917","PORT ARTHUR SE TX REGIONAL AIRPORT, TX US","29.95205","-94.02616","3.8","2025-04-29","24.6","28.9","21.1",
"USW00012912","VICTORIA REGIONAL AIRPORT, TX US","28.86245","-96.9301","33.7","2025-04-29","24.7","30.0","21.7",
"US1TXHST003","CROCKETT 1.8 NNE, TX US","31.343774870038","-95.4493944346905","98.1","2025-04-29",,,,
"USC00410984","BOWIE, TX US","33.5511","-97.8472","329.2","2025-04-29",,"25.6","20.6","21.1"
"USW00012911","RANDOLPH AFB, TX US","29.5325","-98.2623","221.9","2025-04-29",,"31.7","22.2",
"US1TXHRR031","FRIENDSWOOD 2.5 NNE, TX US","29.545275","-95.182089","9.4","2025-04-29",,,,
"USW00012918","HOUSTON WILLIAM P HOBBY AIRPORT, TX US","29.64586","-95.28212","13.2","2025-04-29","24.9","28.3","22.2",
"USW00012919","BROWNSVILLE S PADRE ISLAND INTERNATIONAL AIRPORT, TX US","25.91459","-97.42314","5.7","2025-04-29","27.7","32.8","25.0",
"US1TXLL0066","LLANO 1.1 WNW, TX US","30.759411","-98.689988","323.1","2025-04-29",,,,
"US1TXLL0065","HORSESHOE BAY 1.7 N, TX US","30.561746","-98.359245","253.6","2025-04-29",,,,
"US1TXWO0030","ADKINS 6.4 SSE, TX US","29.3083","-98.1993","192.6","2025-04-29",,,,
"USC00418487","SOUTH PADRE ISLAND, TX US","26.1376","-97.17417","1.5","2025-04-29",,,,
"USC00419330","VEGA 2 NW, TX US","35.2774","-102.4633","1218.6","2025-04-29",,,,
"US1TXLL0067","HORSESHOE BAY 0.8 W, TX US","30.535976","-98.367409","283.5","2025-04-29",,,,
"US1TXMDL059","MIDLAND 1.8 SW, TX US","32.00788","-102.1206","858.9","2025-04-29",,,,
"US1TXMDL058","MIDLAND 3.8 WSW, TX US","32.0047","-102.15974","867.8","2025-04-29",,,,
"USW00012924","CORPUS CHRISTI INTERNATIONAL AIRPORT, TX US","27.77335","-97.51302","12.5","2025-04-29","25.8","29.4","22.8",
"US1TXMDL056","MIDLAND 4.2 W, TX US","32.020803","-102.17196","869.0","2025-04-29",,,,
"USW00012921","SAN ANTONIO INTERNATIONAL AIRPORT, TX US","29.54429","-98.48395","243.6","2025-04-29","25.5","31.1","22.2",
"US1TXMDL054","MIDLAND 7.6 ESE, TX US","31.976173","-101.984916","833.6","2025-04-29",,,,
"USC00410518","BARDWELL DAM, TX US","32.263","-96.6369","140.5","2025-04-29",,,,
"US1TXHML002","EVANT 3.1 NNE, TX US","31.518937","-98.13416","363.3","2025-04-29",,,,
"US1TXLL0074","LLANO 12.2 ESE, TX US","30.67771","-98.4877","265.5","2025-04-29",,,,
"US1TXLL0077","LLANO 17.8 SE, TX US","30.5740971","-98.4576367","275.5","2025-04-29",,,,
"US1TXLL0071","LLANO 7.0 ESE, TX US","30.710838","-98.566079","298.7","2025-04-29",,,,
"US1TXLL0072","SUNRISE BEACH VILLAGE 1.0 SSW, TX US","30.575594","-98.427215","260.9","2025-04-29",,,,
"USC00419346","VERNON, TX US","34.15155","-99.32517","368.8","2025-04-29",,,,
"US1TXWO0043","LA VERNIA 6.3 S, TX US","29.26277778","-98.10666667","168.9","2025-04-29",,,,
"US1TXMDL047","MIDLAND 3.9 WSW, TX US","32.0046","-102.161","872.0","2025-04-29",,,,
"US1TXWO0045","LA VERNIA 3.6 SSW, TX US","29.308983","-98.144898","210.9","2025-04-29",,,,
"USW00012935","PALACIOS MUNICIPAL AIRPORT, TX US","28.7248","-96.25353","3.1","2025-04-29",,"28.9","23.9",
"USW00012932","ALICE INTERNATIONAL AIRPORT, TX US","27.74131","-98.02507","52.0","2025-04-29",,"32.8","22.8",
"US1TXNU0015","CORPUS CHRISTI 9.1 NW, TX US","27.802861","-97.393186",,"2025-04-29",,,,
"US1TXLL0041","LLANO 11.6 S, TX US","30.585716","-98.703786","380.7","2025-04-29",,,,
"US1TXLL0049","LLANO 0.4 ESE, TX US","30.74771","-98.667093","317.0","2025-04-29",,,,
"US1TXBXR218","CASTLE HILLS 0.7 NW, TX US","29.5301338806701","-98.5275504738092","260.9","2025-04-29",,,,
"US1TXNV0013","EUREKA 1.9 ESE, TX US","32.004259","-96.254271","108.8","2025-04-29",,,,
"US1TXDN0076","DOUBLE OAK 1.1 WSW, TX US","33.0606841","-97.1304905","204.2","2025-04-29",,,,
"US1TXDN0077","FLOWER MOUND 2.5 ESE, TX US","33.0141869","-97.0537835","184.1","2025-04-29",,,,
"US1TXBXR215","HOLLYWOOD PARK 4.5 NE, TX US","29.647582","-98.433828","318.2","2025-04-29",,,,
"US1TXBRS001","ALPINE 7.9 SE, TX US","30.276384","-103.579714","1567.0","2025-04-29",,,,
"US1TXLL0047","LLANO 7.2 W, TX US","30.7659345120192","-98.7944906204939","350.5","2025-04-29",,,,
"US1TXHRD002","QUANAH 0.1 NW, TX US","34.2967","-99.7442","479.1","2025-04-29",,,,
"US1TXBST135","SMITHVILLE 7.6 NNW, TX US","30.10366","-97.21884","126.8","2025-04-29",,,,
"US1TXDN0082","HIGHLAND VILLAGE 1.0 WSW, TX US","33.081661","-97.070843","181.7","2025-04-29",,,,
"US1TXCML198","BULVERDE 1.3 NNE, TX US","29.760797","-98.442394","384.0","2025-04-29",,,,
"US1TXBST133","BASTROP 6.5 W, TX US","30.126","-97.4129","149.7","2025-04-29",,,,
"US1TXBST132","ELGIN 10.0 SSW, TX US","30.2111838","-97.4242848","135.0","2025-04-29",,,,
"US1TXDN0080","DENTON 4.2 SSE, TX US","33.1604","-97.097","196.6","2025-04-29",,,,
"US1TXBST139","MCDADE 0.8 WNW, TX US","30.28616","-97.25083","167.6","2025-04-29",,,,
"USW00000177","CASTROVILLE MUNICIPAL AIRPORT, TX US","29.85","-98.85","235.0","2025-04-29",,"32.2","21.7",
"US1TXBST137","BASTROP 0.8 WSW, TX US","30.107131","-97.317694","111.3","2025-04-29",,,,
"USW00000176","STEPHENS CO AIRPORT, TX US","32.717","-98.892","391.1","2025-04-29",,"30.6","21.1",
"US1TXWM0195","ROUND ROCK 1.6 WSW, TX US","30.508275","-97.697191","228.0","2025-04-29",,,,
"USW00053948","NACOGDOCHES A L MANGHAM JR REGIONAL AIRPORT, TX US","31.57778","-94.70944","108.2","2025-04-29",,"28.3","20.0",
"USW00053942","GEORGETOWN MUNICIPAL AIRPORT, TX US","30.67917","-97.67944","239.9","2025-04-29",,"31.1","22.8",
"USC00419088","TORNILLO 2 SSE, TX US","31.40183","-106.05704","1088.1","2025-04-29",,"30.6","6.1","27.2"
"USC00410271","ANTELOPE, TX US","33.4413","-98.3688","312.4","2025-04-29",,,,
"US1TXBST123","PAIGE 7.5 NNW, TX US","30.31147","-97.17019","174.3","2025-04-29",,,,
"US1TXBST122","SMITHVILLE 5.4 NNW, TX US","30.07943","-97.194421","150.3","2025-04-29",,,,
"USC00411596","CENTERVILLE, TX US","31.258","-95.9744","97.5","2025-04-29",,"31.1","20.0","20.0"
"US1TXBST121","SMITHVILLE 6.5 NNW, TX US","30.093992","-97.199992","136.2","2025-04-29",,,,
"USC00415954","MINEOLA, TX US","32.635","-95.4822","111.9","2025-04-29",,"27.2","21.1","21.1"
"USC00410268","ANSON, TX US","32.76678","-99.89013","523.3","2025-04-29",,"30.6","16.7","16.7"
"USC00412446","DIANA 2 W, TX US","32.7056","-94.7888","86.6","2025-04-29",,"27.8","21.1","22.2"
"US1TXBST125","ELGIN 3.4 SSW, TX US","30.306905","-97.402359","164.0","2025-04-29",,,,
"US1TXSM0039","LINDALE 2.7 E, TX US","32.50591","-95.358878","149.7","2025-04-29",,,,
"US1TXSM0038","TYLER 2.9 SSE, TX US","32.28885","-95.28716","165.5","2025-04-29",,,,
"US1TXSM0033","BULLARD 2.9 N, TX US","32.182861","-95.322129","138.1","2025-04-29",,,,
"USW00053912","CORSICANA CAMPBELL FIELD, TX US","32.03155","-96.39936","135.0","2025-04-29",,"28.9","22.2",
"US1TXBRS021","ALPINE 0.7 WSW, TX US","30.36085","-103.67705","1374.6","2025-04-29",,,,
"USW00053911","TERRELL MUNICIPAL AIRPORT, TX US","32.71311","-96.26878","143.0","2025-04-29",,"27.8","21.1",
"US1TXBRS020","STUDY BUTTE TERLINGUA 15.2 NNE, TX US","29.50902778","-103.4698333","1109.8","2025-04-29",,,,
"USW00053910","HOUSTON HOOKS MEMORIAL AIRPORT, TX US","30.06801","-95.55628","46.8","2025-04-29",,"28.9","21.7",
"US1TXLL0026","LLANO 0.5 ESE, TX US","30.748954","-98.666152","307.8","2025-04-29",,,,
"US1TXBST157","ELGIN 1.6 WNW, TX US","30.36059","-97.395822","156.7","2025-04-29",,,,
"USR0000THEN","HENDERSON TEXAS, TX US","32.15","-94.8","152.4","2025-04-29","24.2","28.3","21.1",
"USC00414633","JONESVILLE, TX US","32.498","-94.1104","79.2","2025-04-29",,"31.1","19.4","19.4"
"USC00413787","GRUVER, TX US","36.2631","-101.4051","966.2","2025-04-29",,"27.8","9.4","9.4"
"US1TXTV0402","AUSTIN 4.5 NE, TX US","30.35801","-97.7045","212.1","2025-04-29",,,,
"USC00411128","BROWNFIELD, TX US","33.1909","-102.2681","1005.8","2025-04-29",,"32.2","16.1","16.7"
"US1TXSM0031","WHITEHOUSE 0.8 ESE, TX US","32.2204","-95.2072","127.1","2025-04-29",,,,
"US1TXBST158","CIRCLE D KC ESTATES 2.9 E, TX US","30.163572","-97.182861","162.8","2025-04-29",,,,
"USR0000TLND","LINDEN TEXAS, TX US","33.0","-94.8","152.4","2025-04-29","23.9","29.4","20.0",
"US1TXSM0047","LINDALE 2.0 NNE, TX US","32.5309111111","-95.3902111111","171.9","2025-04-29",,,,
"US1TXBRS018","TERLINGUA 11.1 NE, TX US","29.430683","-103.48144","1068.3","2025-04-29",,,,
"US1TXSM0043","LINDALE 2.2 NE, TX US","32.526108","-95.378261","166.7","2025-04-29",,,,
"US1TXLL0039","BUCHANAN DAM 3.6 SSW, TX US","30.752592","-98.463931","324.3","2025-04-29",,,,
"US1TXNV0004","POWELL 1.0 SW, TX US","32.1059519894017","-96.3404738903046","114.3","2025-04-29",,,,
"US1TXDN0067","PROSPER 4.8 WSW, TX US","33.223679","-96.866262","182.9","2025-04-29",,,,
"US1TXTV0403","TANGLEWOOD FOREST 4.0 W, TX US","30.17868","-97.904829","267.9","2025-04-29",,,,
"US1TXDN0066","SHADY SHORES 1.3 ESE, TX US","33.15486","-97.0245","165.8","2025-04-29",,,,
"US1TXTV0406","LAKEWAY 2.1 S, TX US","30.3369381","-97.9826188","291.1","2025-04-29",,,,
"US1TXBRS011","TERLINGUA 3.4 NNW, TX US","29.37","-103.63","926.9","2025-04-29",,,,
"US1TXNV0006","CORSICANA 4.3 WSW, TX US","32.059224","-96.532937","143.3","2025-04-29",,,,
"US1TXNV0005","BLOOMING GROVE 2.4 SW, TX US","32.067011","-96.745022","163.1","2025-04-29",,,,
"USC00412462","DIME BOX, TX US","30.35576","-96.82893","112.2","2025-04-29",,,,
"US1TXBST143","PAIGE 4.4 SW, TX US","30.1615367402638","-97.160739004612","168.2","2025-04-29",,,,
"USC00412464","DIMMITT, TX US","34.54422","-102.302","1179.6","2025-04-29",,"27.8","10.0","10.0"
"US1TXBST142","BASTROP 2.2 WNW, TX US","30.12346","-97.3405","103.6","2025-04-29",,,,
"US1TXDN0075","TROPHY CLUB 0.5 WSW, TX US","32.9976","-97.2015","185.9","2025-04-29",,,,
"USC00411138","BROWNWOOD 2 NE, TX US","31.72278","-99.01417","472.7","2025-04-29",,"29.4","17.8","22.2"
"US1TXSM0040","TYLER 4.0 SSE, TX US","32.272778","-95.283056","158.5","2025-04-29",,,,
"US1TXSM0042","FLINT 1.0 NNW, TX US","32.21806","-95.35362","149.7","2025-04-29",,,,
"US1TXBST147","BASTROP 5.7 SSW, TX US","30.044333","-97.358241","135.3","2025-04-29",,,,
"US1TXWM0162","LIBERTY HILL 1.2 N, TX US","30.6825885772705","-97.922981262207","327.7","2025-04-29",,,,
"US1TXSM0016","WHITEHOUSE 1.2 SW, TX US","32.2143020629883","-95.2339935302734","133.8","2025-04-29",,,,
"US1TXTI0006","OMAHA 6.0 W, TX US","33.18264","-94.84606","129.2","2025-04-29",,,,
"US1TXTI0008","MOUNT PLEASANT 6.4 SSE, TX US","33.0866","-94.9169","118.3","2025-04-29",,,,
"US1TXAT0042","CHARLOTTE 0.6 SW, TX US","28.854149","-98.7072","164.9","2025-04-29",,,,
"USW00053979","GIDDINGS LEE CO AIRPORT, TX US","30.16917","-96.98","147.8","2025-04-29",,"28.9","22.2",
"US1TXBST180","MCDADE 0.6 ESE, TX US","30.28151","-97.22839","174.7","2025-04-29",,,,
"US1TXBZS117","COLLEGE STATION 8.0 ESE, TX US","30.537328","-96.199961","73.5","2025-04-29",,,,
"US1TXTV0416","LAGO VISTA 2.0 NNE, TX US","30.479217","-97.986126","265.8","2025-04-29",,,,
"US1TXLL0007","HORSESHOE BAY 2.7 S, TX US","30.49775","-98.359883","370.0","2025-04-29",,,,
"US1TXAT0045","PLEASANTON 4.5 N, TX US","29.029385","-98.499645","130.1","2025-04-29",,,,
"USW00053977","GRANBURY MUNICIPAL AIRPORT, TX US","32.44444","-97.81694","237.1","2025-04-29",,"28.9","20.6",
"USW00053976","BRIDGEPORT MUNICIPAL AIRPORT, TX US","33.17528","-97.82833","259.4","2025-04-29",,"28.3","18.9",
"US1TXBRS044","MARATHON 0.7 W, TX US","30.202974","-103.253877","1000.0","2025-04-29",,,,
"USW00053975","LANCASTER AIRPORT, TX US","32.57917","-96.71917","152.7","2025-04-29",,"27.8","21.1",
"USC00418187","SEGUIN 1 SSW, TX US","29.552","-97.9704","153.9","2025-04-29",,,,
"USW00053973","HEARNE MUNICIPAL AIRPORT, TX US","30.87194","-96.62222","86.9","2025-04-29",,"29.4","22.2",
"US1TXAT0049","CAMPBELLTON 1.6 N, TX US","28.770948","-98.30787","75.3","2025-04-29",,,,
"USW00053983","LLANO MUNICIPAL AIRPORT, TX US","30.78361","-98.66194","335.9","2025-04-29",,"32.2","20.0",
"USC00410691","BENBROOK DAM, TX US","32.6475","-97.4439","240.8","2025-04-29",,,,
"US1TXHTH012","BORGER 1.5 NNW, TX US","35.6806","-101.4071","924.5","2025-04-29",,,,
"US1TXCML154","CANYON LAKE 0.5 W, TX US","29.874694","-98.271058","294.4","2025-04-29",,,,
"US1TXBST177","ELGIN 9.4 SSW, TX US","30.2197438405891","-97.4222939380851","146.6","2025-04-29",,,,
"USW00053981","CLEBURNE MUNICIPAL AIRPORT, TX US","32.35389","-97.43389","260.3","2025-04-29",,"27.8","21.1",
"US1TXBST176","WYLDWOOD 3.1 NNW, TX US","30.1721988","-97.4885332","127.4","2025-04-29",,,,
"US1TXCML156","CANYON LAKE 0.4 NE, TX US","29.8791","-98.257337","289.9","2025-04-29",,,,
"US1TXBXR251","LIVE OAK 3.4 NW, TX US","29.591681","-98.375199","300.2","2025-04-29",,,,
"US1TXBXR253","CASTLE HILLS 1.9 NE, TX US","29.540395","-98.494724","204.8","2025-04-29",,,,
"US1TXBST173","BASTROP 6.7 NE, TX US","30.176786","-97.219965","167.6","2025-04-29",,,,
"USC00410213","AMARILLO 7 ENE, TX US","35.2327","-101.7092","1094.2","2025-04-29",,"17.8","9.4",
"US1TXBZS112","COLLEGE STATION 5.7 S, TX US","30.51889","-96.29667","88.7","2025-04-29",,,,
"US1TXBST172","BASTROP 1.3 SE, TX US","30.09996","-97.29004","155.1","2025-04-29",,,,
"US1TXSM0025","TYLER 1.9 SSW, TX US","32.30078","-95.310103","157.9","2025-04-29",,,,
"US1TXSM0021","LINDALE 2.1 E, TX US","32.504568","-95.369473","318.5","2025-04-29",,,,
"US1TXSM0024","TYLER 8.9 ESE, TX US","32.27056","-95.16664","129.5","2025-04-29",,,,
"US1TXSM0023","TYLER 1.7 NE, TX US","32.34425","-95.28104","170.4","2025-04-29",,,,
"US1TXWM0156","GEORGETOWN 4.9 NW, TX US","30.706116","-97.73386","257.6","2025-04-29",,,,
"US1TXTV0425","LAKEWAY 0.4 ESE, TX US","30.3650999","-97.9729733","249.3","2025-04-29",,,,
"US1TXBZS125","BRYAN 3.5 ESE, TX US","30.65401","-96.30821","88.7","2025-04-29",,,,
"US1TXHTH009","BORGER 4.4 WSW, TX US","35.6406745","-101.475705","989.4","2025-04-29",,,,
"US1TXTV0426","CYPRESS MILL 5.7 ESE, TX US","30.353929","-98.161439","284.7","2025-04-29",,,,
"US1TXBZS127","COLLEGE STATION 2.0 E, TX US","30.597051","-96.278611","81.1","2025-04-29",,,,
"US1TXSM0029","LINDALE 2.2 NNE, TX US","32.533016","-95.387854","170.7","2025-04-29",,,,
"US1TXBZS129","COLLEGE STATION 2.4 E, TX US","30.59472","-96.27278","82.6","2025-04-29",,,,
"US1TXHTH008","BORGER 0.7 NNE, TX US","35.6690744","-101.39528","944.9","2025-04-29",,,,
"US1TXBRS035","TERLINGUA 6.1 NNW, TX US","29.4119","-103.6511","973.5","2025-04-29",,,,
"USW00053984","GRAND PRAIRIE MUNICIPAL AIRPORT, TX US","32.69861","-97.04667","179.5","2025-04-29",,"28.3","21.7",
"US1TXHTH007","FRITCH 5.1 E, TX US","35.630054","-101.506297","996.7","2025-04-29",,,,
"US1TXCML164","CANYON LAKE 1.7 WSW, TX US","29.870167","-98.28933","321.6","2025-04-29",,,,
"US1TXBST167","SMITHVILLE 10.5 WSW, TX US","29.9575","-97.32269","146.3","2025-04-29",,,,
"US1TXBST166","PAIGE 4.0 SW, TX US","30.164397","-97.15797","168.2","2025-04-29",,,,
"US1TXBST165","BASTROP 2.8 SSE, TX US","30.074886","-97.28985","119.5","2025-04-29",,,,
"US1TXBST164","CEDAR CREEK 3.2 WNW, TX US","30.10191","-97.55297","166.4","2025-04-29",,,,
"US1TXCML160","NEW BRAUNFELS 10.1 W, TX US","29.699324","-98.285042","302.7","2025-04-29",,,,
"US1TXTV0433","AUSTIN 7.7 S, TX US","30.19475","-97.76028","175.0","2025-04-29",,,,
"US1TXBZS123","BRYAN 10.1 E, TX US","30.688513","-96.196565","79.6","2025-04-29",,,,
"USC00410225","AMISTAD DAM, TX US","29.4608","-101.0286","352.7","2025-04-29",,"32.8","21.1","22.2"
"USC00412404","DENTON 2 SE, TX US","33.1991","-97.1049","192.0","2025-04-29",,"27.2","20.6","22.2"
"USC00412408","DENVER CITY, TX US","32.96944","-102.8264","1091.2","2025-04-29",,"31.7","15.0","15.0"
"US1TXWM0185","GEORGETOWN 5.9 NNW, TX US","30.71945","-97.73905","255.4","2025-04-29",,,,
"US1TXBZS136","BRYAN 9.1 ENE, TX US","30.71402","-96.22145","84.1","2025-04-29",,,,
"US1TXAR0017","ROCKPORT 8.0 NNE, TX US","28.1476","-97.00057","3.0","2025-04-29",,,,
"US1TXAR0018","ROCKPORT 0.8 WNW, TX US","28.046967","-97.062327","5.5","2025-04-29",,,,
"USW00053952","WACO MCGREGOR EXECUTIVE AIRPORT, TX US","31.48472","-97.31639","180.4","2025-04-29",,"29.4","21.7",
"US1TXAR0014","ROCKPORT 4.4 SW, TX US","27.9894","-97.09486","2.1","2025-04-29",,,,
"US1TXTV0440","PFLUGERVILLE 2.2 NNW, TX US","30.46867","-97.63705","245.4","2025-04-29",,,,
"US1TXBST199","BASTROP 2.9 W, TX US","30.105278","-97.353889","112.8","2025-04-29",,,,
"US1TXBZS131","BRYAN 1.2 SE, TX US","30.6543189","-96.3531129","97.2","2025-04-29",,,,
"US1TXTV0441","AUSTIN 1.6 SW, TX US","30.28941","-97.76844","172.2","2025-04-29",,,,
"USR0000TLIN","LINN SAN MANUEL TEXAS, TX US","26.535","-98.0858","4.6","2025-04-29","27.8","33.3","23.9",
"US1TXTV0442","AUSTIN 9.7 NNW, TX US","30.439116","-97.803155","292.9","2025-04-29",,,,
"US1TXBST197","PAIGE 4.0 NW, TX US","30.25367","-97.15733","161.5","2025-04-29",,,,
"US1TXBZS133","COLLEGE STATION 1.1 WNW, TX US","30.6068","-96.3298","95.7","2025-04-29",,,,
"US1TXTV0445","AUSTIN 10.4 NNE, TX US","30.44467","-97.68148","245.4","2025-04-29",,,,
"US1TXBZS134","COLLEGE STATION 1.5 SSE, TX US","30.5793","-96.3055","93.6","2025-04-29",,,,
"US1TXWM0175","GEORGETOWN 6.7 NW, TX US","30.723088","-97.75712","279.8","2025-04-29",,,,
"US1TXBST192","PAIGE 4.7 WSW, TX US","30.179722","-97.183889","158.5","2025-04-29",,,,
"USW00053968","PALESTINE 6 WNW, TX US","31.7796","-95.7232","116.7","2025-04-29",,"27.9","21.4",
"US1TXTV0448","AUSTIN 2.3 NNW, TX US","30.335458","-97.7679928","241.7","2025-04-29",,,,
"US1TXAR0006","ROCKPORT 3.0 NNW, TX US","28.082497","-97.062612","3.4","2025-04-29",,,,
"USW00053967","GRAYSON CO AIRPORT SHERMAN DENISON, TX US","33.71417","-96.67361","228.3","2025-04-29",,"27.2","21.7",
"US1TXBST190","PAIGE 3.9 NW, TX US","30.25336","-97.15755","158.2","2025-04-29",,,,
"USW00053966","MID WAY REGIONAL AIRPORT MIDLOTHIAN WAXAHACHIE, TX US","32.45611","-96.9125","228.3","2025-04-29",,"27.8","21.1",
"USW00053965","GRAHAM MUNICIPAL AIRPORT, TX US","33.11","-98.55528","342.3","2025-04-29",,"28.3","18.9",
"USW00053964","DECATUR MUNICIPAL AIRPORT, TX US","33.25444","-97.58056","319.1","2025-04-29",,"27.8","20.0",
"USW00053972","HILLSBORO MUNICIPAL AIRPORT, TX US","32.08361","-97.09722","208.8","2025-04-29",,"27.8","21.7",
"USW00053970","MESQUITE METRO AIRPORT, TX US","32.74694","-96.53056","136.2","2025-04-29",,"27.8","21.1",
"US1TXBST187","WYLDWOOD 0.9 W, TX US","30.131761","-97.487922","165.5","2025-04-29",,,,
"US1TXTV0453","PFLUGERVILLE 0.6 SE, TX US","30.434252","-97.614147","208.8","2025-04-29",,,,
"US1TXBST186","BASTROP 3.0 SE, TX US","30.0771238","-97.2765341","126.2","2025-04-29",,,,
"US1TXCML182","SPRING BRANCH 0.8 SSE, TX US","29.829772","-98.40398","347.5","2025-04-29",,,,
"USC00411578","CENTER, TX US","31.81957","-94.25285","115.8","2025-04-29",,,,
"US1TXCML184","NEW BRAUNFELS 9.2 N, TX US","29.8355","-98.08796","319.1","2025-04-29",,,,
"US1TXBST183","BASTROP 0.8 W, TX US","30.1146124","-97.3185947","119.8","2025-04-29",,,,
"US1TXEP0111","EL PASO 6.9 WNW, TX US","31.876959","-106.55033","1270.7","2025-04-29",,,,
"US1TXRL0001","CAMP WOOD 9.6 ESE, TX US","29.62789","-99.8576","509.9","2025-04-29",,,,
"US1TXDA0063","DESOTO 2.2 ENE, TX US","32.613008","-96.827942","186.8","2025-04-29",,,,
"US1TXGP0149","LA VERNIA 3.6 N, TX US","29.404981","-98.105738","167.3","2025-04-29",,,,
"US1TXBND033","BANDERA 4.0 E, TX US","29.7300338745117","-99.0073394775391","380.7","2025-04-29",,,,
"US1TXBND030","BANDERA 6.4 N, TX US","29.817467","-99.08387","451.4","2025-04-29",,,,
"US1TXCLD031","LOCKHART 4.3 ENE, TX US","29.904818","-97.614774","150.9","2025-04-29",,,,
"US1TXTV0459","LEANDER 1.6 SW, TX US","30.5452","-97.8775","310.3","2025-04-29",,,,
"US1TXCLD032","LOCKHART 8.4 ESE, TX US","29.827061444521","-97.5476476550102","135.3","2025-04-29",,,,
"US1TXRL0008","LEAKEY 1.5 ENE, TX US","29.734722","-99.741111","497.7","2025-04-29",,,,
"US1TXBRZ036","PEARLAND 7.4 W, TX US","29.548258","-95.398357","19.5","2025-04-29",,,,
"US1TXBEL044","TROY 4.3 ESE, TX US","31.169692","-97.241619","189.0","2025-04-29",,,,
"US1TXBEL045","SALADO 5.2 S, TX US","30.876601","-97.513263","235.6","2025-04-29",,,,
"US1TXEP0128","SOCORRO 2.3 SSW, TX US","31.609704","-106.287451","1113.7","2025-04-29",,,,
"US1TXBRZ046","SURFSIDE BEACH 1.2 SW, TX US","28.9423211","-95.298002","0.9","2025-04-29",,,,
"US1TXBEL043","BELTON 4.4 WNW, TX US","31.0947","-97.5319","195.1","2025-04-29",,,,
"US1TXBEL040","BELTON 1.6 W, TX US","31.06431","-97.49121","202.7","2025-04-29",,,,
"US1TXBEL041","SALADO 7.5 WNW, TX US","30.9836702048779","-97.6457769423723","235.9","2025-04-29",,,,
"US1TXBRZ041","ALVIN 3.4 SW, TX US","29.395","-95.28187","10.4","2025-04-29",,,,
"USR0000TPOS","POSSUME KINGDOM TEXAS, TX US","32.85","-98.55","281.9","2025-04-29","24.3","29.4","21.1",
"USC00413368","FRIONA, TX US","34.63983","-102.72288","1226.8","2025-04-29",,"27.8","9.4","11.1"
"US1TXBRZ042","LAKE JACKSON 2.3 NW, TX US","29.068424","-95.46876","6.7","2025-04-29",,,,
"US1TXGP0153","NEW BRAUNFELS 4.9 SE, TX US","29.65646","-98.05818","190.2","2025-04-29",,,,
"US1TXDA0076","DALLAS 1.0 NNE, TX US","32.807458","-96.759065","164.6","2025-04-29",,,,
"US1TXHMP001","BRISCOE 8.1 NNE, TX US","35.69277778","-100.235","785.8","2025-04-29",,,,
"US1TXGP0155","SEGUIN 7.5 N, TX US","29.6884603","-97.9620049","182.6","2025-04-29",,,,
"US1TXGP0157","SCHERTZ 0.6 E, TX US","29.55355","-98.25186","214.6","2025-04-29",,,,
"US1TXBEL025","KILLEEN 2.9 SSW, TX US","31.058145","-97.732556","279.2","2025-04-29",,,,
"US1TXBRZ032","LAKE JACKSON 1.6 E, TX US","29.043001","-95.420226","4.9","2025-04-29",,,,
"USC00419916","WRIGHT PATMAN DM AND LK, TX US","33.3038","-94.1584","86.0","2025-04-29",,"29.4","21.7","22.2"
"USC00417736","ROPESVILLE 6 NNW, TX US","33.49239","-102.18838","1038.1","2025-04-29",,,,
"US1TXEP0132","EL PASO 7.8 ESE, TX US","31.79512","-106.32047","1215.2","2025-04-29",,,,
"US1TXEP0131","EL PASO 8.5 SSE, TX US","31.745413","-106.361487","1129.0","2025-04-29",,,,
"US1TXGP0163","SEGUIN 2.6 SE, TX US","29.551479","-97.939552","154.2","2025-04-29",,,,
"US1TXEP0137","EL PASO 5.1 N, TX US","31.923342","-106.434811","1235.4","2025-04-29",,,,
"US1TXEP0136","EL PASO 4.6 WSW, TX US","31.818882","-106.506254","1349.3","2025-04-29",,,,
"US1TXDA0070","MESQUITE 2.3 N, TX US","32.8025","-96.6065","153.3","2025-04-29",,,,
"US1TXDA0087","RICHARDSON 2.7 WSW, TX US","32.9568","-96.7522","187.1","2025-04-29",,,,
"US1TXRL0023","LEAKEY 1.0 NW, TX US","29.73565","-99.77246","528.8","2025-04-29",,,,
"US1TXGP0169","SEGUIN 3.4 N, TX US","29.6276813","-97.9596396","174.7","2025-04-29",,,,
"US1TXGP0166","SCHERTZ 1.6 NW, TX US","29.5723","-98.2796","237.7","2025-04-29",,,,
"US1TXBRZ058","ALVIN 7.7 SSW, TX US","29.3234","-95.2737","7.6","2025-04-29",,,,
"US1TXCLD057","LULING 1.0 SSW, TX US","29.6686408","-97.6530012","118.0","2025-04-29",,,,
"US1TXAT0025","PLEASANTON 9.1 NE, TX US","29.052943","-98.377783","147.8","2025-04-29",,,,
"US1TXAT0026","POTEET 4.9 W, TX US","29.04778","-98.65496","155.8","2025-04-29",,,,
"US1TXBEL023","BELTON 0.4 E, TX US","31.066986","-97.456434","175.6","2025-04-29",,,,
"USC00417743","ROSCOE, TX US","32.44807","-100.52632","725.4","2025-04-29",,"32.2","17.8","19.4"
"US1TXWT0015","WICHITA FALLS 7.2 WSW, TX US","33.860851","-98.60088","313.9","2025-04-29",,,,
"US1TXPS0002","SHAFTER 0.8 SSW, TX US","29.81062","-104.30994","1177.7","2025-04-29",,,,
"US1TXWT0019","BURKBURNETT 1.2 WSW, TX US","34.07274","-98.58348","318.8","2025-04-29",,,,
"US1TXGP0173","SEGUIN 2.2 SE, TX US","29.5612845234963","-97.9380050176363","161.2","2025-04-29",,,,
"US1TXBND018","LAKEHILLS 1.1 SE, TX US","29.593817","-98.930153","335.9","2025-04-29",,,,
"US1TXEP0147","EL PASO 2.7 SSW, TX US","31.81156","-106.44958","1211.6","2025-04-29",,,,
"US1TXBND019","LAKEHILLS 1.2 NNE, TX US","29.621198","-98.93643","376.4","2025-04-29",,,,
"US1TXDA0080","DUNCANVILLE 3.2 WNW, TX US","32.656483","-96.966564","156.7","2025-04-29",,,,
"US1TXDA0097","CEDAR HILL 1.2 WSW, TX US","32.570979","-96.975499","251.5","2025-04-29",,,,
"US1TXEP0162","EL PASO 8.7 W, TX US","31.833415","-106.585128","1143.9","2025-04-29",,,,
"US1TXGP0177","SEGUIN 3.4 NW, TX US","29.611389","-98.011667","176.2","2025-04-29",,,,
"US1TXCLD061","LULING 7.8 ENE, TX US","29.70679","-97.52208","157.9","2025-04-29",,,,
"US1TXGP0179","SAN MARCOS 7.2 SSE, TX US","29.787472","-97.875139","179.2","2025-04-29",,,,
"US1TXBEL008","BELTON 3.9 N, TX US","31.123892","-97.473297","210.9","2025-04-29",,,,
"US1TXTV0009","WEST LAKE HILLS 2.4 NNW, TX US","30.323086","-97.827954","238.4","2025-04-29",,,,
"US1TXAT0034","POTEET 2.3 NW, TX US","29.06444444","-98.59833333","160.0","2025-04-29",,,,
"US1TXBRZ048","BRAZORIA 4.2 W, TX US","29.0490425","-95.6383924","5.5","2025-04-29",,,,
"US1TXBRZ049","WEST COLUMBIA 2.5 ENE, TX US","29.157157","-95.611429","7.9","2025-04-29",,,,
"US1TXTV0010","AUSTIN 1.7 NNW 45TH AND LP1, TX US","30.329002","-97.762056","219.8","2025-04-29",,,,
"US1TXBRZ055","RICHWOOD 3.6 N, TX US","29.10957","-95.39816","4.9","2025-04-29",,,,
"US1TXWT0027","BURKBURNETT 0.7 SE, TX US","34.07243056","-98.55559444","311.5","2025-04-29",,,,
"US1TXBRZ056","ALVIN 5.1 SE, TX US","29.37158","-95.19899","10.1","2025-04-29",,,,
"US1TXBRZ057","LIVERPOOL 4.6 NW, TX US","29.3516","-95.3247","10.1","2025-04-29",,,,
"US1TXBEL010","SALADO 1.5 S, TX US","30.929356","-97.523966","205.1","2025-04-29",,,,
"US1TXBRZ050","ALVIN 2.5 SSW, TX US","29.40035","-95.26484","13.7","2025-04-29",,,,
"US1TXBZS100","COLLEGE STATION 4.5 SW, TX US","30.55955","-96.37109","82.9","2025-04-29",,,,
"US1TXTV0014","AUSTIN 2.9 NE LAMAR AND ARPT, TX US","30.339555","-97.722753","220.1","2025-04-29",,,,
"US1TXBRZ051","ANGLETON 7.7 S, TX US","29.057071","-95.44825","6.7","2025-04-29",,,,
"US1TXEP0152","EL PASO 10.9 SE, TX US","31.737157","-106.306579","1193.3","2025-04-29",,,,
"US1TXDA0093","MESQUITE 1.6 SSE, TX US","32.7484143620057","-96.5877214826322","140.2","2025-04-29",,,,
"US1TXWT0023","WICHITA FALLS 2.8 ESE, TX US","33.888782","-98.467849","299.0","2025-04-29",,,,
"US1TXGP0101","NEW BRAUNFELS 5.6 SSE, TX US","29.629335","-98.083431","180.4","2025-04-29",,,,
"US1TXCHK009","JACKSONVILLE 11.9 ESE, TX US","31.8954","-95.0753","94.2","2025-04-29",,,,
"US1TXLN0011","MARQUEZ 4.6 ENE, TX US","31.26703","-96.18674","129.2","2025-04-29",,,,
"US1TXCHK001","BULLARD 3.7 E, TX US","32.136111","-95.256389","124.4","2025-04-29",,,,
"US1TXBEL088","TEMPLE 3.4 SSW, TX US","31.055409","-97.391642","178.3","2025-04-29",,,,
"USW00000130","PLEASANTON MUNICIPAL AIRPORT, TX US","28.95","-98.517","131.1","2025-04-29",,"31.7","21.1",
"US1TXLN0008","BUFFALO 3.2 SE, TX US","31.42998","-96.02171","121.6","2025-04-29",,,,
"US1TXTV0021","JONESTOWN 2.6 E, TX US","30.4849422102559","-97.8845465183258","320.0","2025-04-29",,,,
"US1TXBEL086","BELTON 5.1 NW, TX US","31.120616","-97.524563","242.9","2025-04-29",,,,
"USC00410297","AQUILLA 1 SSE, TX US","31.83894","-97.21084","156.4","2025-04-29",,,,
"USC00415989","MOBEETIE 7 N, TX US","35.6251","-100.4464","868.7","2025-04-29",,,,
"US1TXBEL082","MORGAN S POINT RESORT 0.5 NNW, TX US","31.162826","-97.455906","196.0","2025-04-29",,,,
"US1TXCRL013","COPPERAS COVE 0.5 SSW, TX US","31.1117","-97.90513","325.5","2025-04-29",,,,
"US1TXBEL083","TEMPLE 10.6 NW, TX US","31.2018","-97.4952","207.0","2025-04-29",,,,
"US1TXWT0032","WICHITA FALLS 2.5 S, TX US","33.8614148","-98.514217","294.1","2025-04-29",,,,
"US1TXBEL081","TEMPLE 1.9 SW, TX US","31.0817","-97.3897","185.0","2025-04-29",,,,
"US1TXWT0031","IOWA PARK 0.5 ESE, TX US","33.9572869","-98.6723282","321.3","2025-04-29",,,,
"US1TXWT0030","WICHITA FALLS 3.3 WSW, TX US","33.878638","-98.569083","312.7","2025-04-29",,,,
"USC00413329","FREDERICKSBURG, TX US","30.2391","-98.9088","513.6","2025-04-29",,"28.9","20.0","20.0"
"US1TXGP0114","SEGUIN 0.6 SE, TX US","29.572204","-97.963152","164.0","2025-04-29",,,,
"USW00053909","FORT WORTH ALLIANCE AIRPORT, TX US","32.99434","-97.32034","215.6","2025-04-29",,"28.3","21.1",
"US1TXGP0116","MARION 5.0 SSW, TX US","29.503745","-98.164247","186.5","2025-04-29",,,,
"USW00053907","ARLINGTON MUNICIPAL AIRPORT, TX US","32.65832","-97.09509","179.7","2025-04-29",,"28.9","22.2",
"US1TXDA0035","RICHARDSON 2.4 WSW, TX US","32.957486","-96.747908","183.8","2025-04-29",,,,
"US1TXJN0006","GODLEY 2.6 NW, TX US","32.472473","-97.561028","301.4","2025-04-29",,,,
"USW00053903","HUNTSVILLE MUNICIPAL AIRPORT, TX US","30.74432","-95.58657","105.4","2025-04-29",,"28.3","21.7",
"USW00053902","CONROE MONTGOMERY CO AIRPORT, TX US","30.36109","-95.41757","69.4","2025-04-29",,"28.3","19.4",
"US1TXHPK008","CUMBY 0.2 SSW, TX US","33.13058","-95.840431","195.4","2025-04-29",,,,
"USC00413340","FREEPORT 2 NW, TX US","28.9845","-95.3809","2.4","2025-04-29",,"28.3","23.3","24.4"
"US1TXGP0118","CIBOLO 2.4 NNW, TX US","29.6036","-98.2533","253.6","2025-04-29",,,,
"USC00413341","FREER, TX US","27.8722","-98.6176","171.3","2025-04-29",,"34.4","22.8","23.3"
"US1TXBEL068","MOODY 9.7 WSW, TX US","31.2375","-97.5014","226.2","2025-04-29",,,,
"US1TXFT0001","OAKWOOD 4.2 NE, TX US","31.633444","-95.806277","80.8","2025-04-29",,,,
"US1TXBEL069","TEMPLE 2.5 SW, TX US","31.0698","-97.39159","183.5","2025-04-29",,,,
"USC00414670","JUNCTION 4 SSW, TX US","30.4452","-99.8044","532.5","2025-04-29",,"30.6","20.0","22.8"
"US1TXCLD001","MARTINDALE 1.7 NNW, TX US","29.863903","-97.858339","170.1","2025-04-29",,,,
"US1TXTV0034","SUNSET VALLEY 0.7 SE, TX US","30.218793","-97.808739","203.6","2025-04-29",,,,
"US1TXBEL076","HARKER HEIGHTS 2.8 SSE, TX US","31.02247","-97.63848","209.7","2025-04-29",,,,
"US1TXTV0035","PFLUGERVILLE 0.6 ENE, TX US","30.44391","-97.611681","214.9","2025-04-29",,,,
"US1TXBEL074","TEMPLE 4.5 WNW, TX US","31.116894","-97.435987","188.1","2025-04-29",,,,
"US1TXCLD009","UHLAND 4.4 SE, TX US","29.921663","-97.739445","178.0","2025-04-29",,,,
"US1TXBEL070","BELTON 2.1 NW, TX US","31.0895","-97.4885","190.8","2025-04-29",,,,
"US1TXGP0120","SCHERTZ 1.8 NNW, TX US","29.577457","-98.276748","244.1","2025-04-29",,,,
"US1TXJN0012","JOSHUA 5.2 WSW, TX US","32.441603","-97.46567","271.0","2025-04-29",,,,
"US1TXTV0030","ANDERSON MILL 2.2 S, TX US","30.4223","-97.8062","258.5","2025-04-29",,,,
"USR0000TCON","CONROE TEXAS, TX US","30.2364","-95.4828","36.6","2025-04-29","24.2","28.3","20.6",
"USR0000TCOL","COLORADO BEND TEXAS, TX US","31.0522","-98.5003","383.7","2025-04-29","25.0","30.0","21.1",
"US1TXJN0019","CLEBURNE 4.8 NNE, TX US","32.412228","-97.370735","25.0","2025-04-29",,,,
"US1TXDA0047","CEDAR HILL 2.4 NNW, TX US","32.6136589050293","-96.9712448120117","191.4","2025-04-29",,,,
"US1TXOC0006","PERRYTON 10.4 WSW, TX US","36.319016","-100.967273","913.5","2025-04-29",,,,
"US1TXSO0004","WALNUT SPRINGS 7.9 NW, TX US","32.13033","-97.854675","351.7","2025-04-29",,,,
"US1TXSO0003","GLEN ROSE 5.1 SSW, TX US","32.166223","-97.781225","292.6","2025-04-29",,,,
"US1TXMRN007","JEFFERSON 4.4 NNE, TX US","32.823435","-94.331275","86.9","2025-04-29",,,,
"US1TXCLD010","LOCKHART 5.2 SSE, TX US","29.8","-97.66","144.2","2025-04-29",,,,
"US1TXHYS296","SAN MARCOS 2.0 NW, TX US","29.896176","-97.956523","251.5","2025-04-29",,,,
"US1TXBEL059","HARKER HEIGHTS 2.4 S, TX US","31.027297","-97.650762","220.4","2025-04-29",,,,
"US1TXHYS299","WIMBERLEY 3.3 NNW, TX US","30.035535","-98.127996","295.0","2025-04-29",,,,
"USR0000TLAG","LAGUNA ATASCOSA TEXAS, TX US","26.2283","-97.3483","7.6","2025-04-29","26.6","29.4","24.4",
"US1TXTV0044","AUSTIN 1.0 N 45TH AND SHCRK, TX US","30.320713","-97.750208","196.9","2025-04-29",,,,
"USC00412011","CORPUS CHRISTI NWS, TX US","27.7793","-97.5055","13.4","2025-04-29",,"30.0","23.9","25.6"
"US1TXCLD018","DALE 7.3 SE, TX US","29.85765674579","-97.4713924527168","169.5","2025-04-29",,,,
"US1TXCLD015","MAXWELL 1.5 NE, TX US","29.897328","-97.786143","183.2","2025-04-29",,,,
"USC00414679","JUSTIN, TX US","33.0805","-97.2966","195.1","2025-04-29",,,,
"USC00417704","ROCKPORT, TX US","28.0183","-97.05654","3.0","2025-04-29",,"29.4","24.4","26.1"
"US1TXBEL063","MORGAN S POINT RESORT 0.5 NNE, TX US","31.1621504","-97.4500767","204.2","2025-04-29",,,,
"USR0000TPIN","PINERY TEXAS, TX US","31.8944","-104.7978","1640.1","2025-04-29","20.7","26.1","13.9",
"US1TXBEL061","SALADO 5.5 SW, TX US","30.887436","-97.580148","231.6","2025-04-29",,,,
"USC00412019","CORSICANA, TX US","32.12258","-96.48663","138.1","2025-04-29",,"26.7","21.7","21.7"
"US1TXBST116","BASTROP 4.4 NE, TX US","30.1501903533936","-97.2450103759766","170.4","2025-04-29",,,,
"US1TXJD0009","KENT 4.6 E, TX US","31.060993","-104.140699","1264.3","2025-04-29",,,,
"US1TXDA0053","DALLAS 2.7 WNW, TX US","32.815197","-96.803515","150.0","2025-04-29",,,,
"US1TXJD0008","FORT DAVIS 0.3 NNW, TX US","30.592978","-103.895849","1503.0","2025-04-29",,,,
"US1TXGP0135","SEGUIN 6.7 SW, TX US","29.512511","-98.04943","185.9","2025-04-29",,,,
"US1TXCRL008","CLIFTON 8.5 SW, TX US","31.704418","-97.694016","251.8","2025-04-29",,,,
"US1TXJD0005","FORT DAVIS 1.7 SSE, TX US","30.565231","-103.884153","1499.9","2025-04-29",,,,
"US1TXBEL047","BELTON 1.4 WSW, TX US","31.059781","-97.484732","189.6","2025-04-29",,,,
"US1TXCLD029","LOCKHART 5.2 S, TX US","29.7985354810953","-97.6757372170687","151.5","2025-04-29",,,,
"US1TXCRL004","GATESVILLE 12.0 SE, TX US","31.3371","-97.5704","233.2","2025-04-29",,,,
"US1TXTV0059","TANGLEWOOD FOREST 0.6 NE, TX US","30.180668","-97.831468","241.1","2025-04-29",,,,
"USR0000TLBJ","LBJ RD TEXAS, TX US","33.1728","-97.3756","317.0","2025-04-29","24.0","27.8","20.6",
"US1TXBEL050","SALADO 2.4 NNW, TX US","30.9834651947021","-97.5361938476563","209.1","2025-04-29",,,,
"US1TXGP0140","NEW BRAUNFELS 2.6 SSE, TX US","29.6714","-98.0975","190.2","2025-04-29",,,,
"US1TXBST107","CEDAR CREEK 5.6 ESE, TX US","30.045482","-97.420589","136.6","2025-04-29",,,,
"US1TXDA0050","CEDAR HILL 1.4 N, TX US","32.599609","-96.953694","246.0","2025-04-29",,,,
"USW00000166","LAGO VISTA RUSTY ALLEN AIRPORT, TX US","30.5","-97.967","375.2","2025-04-29",,"30.0","21.7",
"US1TXJN0031","JOSHUA 2.5 ESE, TX US","32.450943","-97.339957","271.6","2025-04-29",,,,
"US1TXZP0002","SAN YGNACIO 2.3 SE, TX US","27.0188","-99.4136","100.3","2025-04-29",,,,
"US1TXJN0030","BURLESON 4.9 ESE, TX US","32.5111","-97.24852","220.1","2025-04-29",,,,
"US1TXLV0002","HALLETTSVILLE 17.1 SE, TX US","29.255","-96.76005","50.0","2025-04-29",,,,
"US1TXDA0101","DALLAS 7.1 SW, TX US","32.727644","-96.857676","178.3","2025-04-29",,,,
"US1TXBLC052","BLANCO 1.6 SSW, TX US","30.0783065","-98.4358421","442.6","2025-04-29",,,,
"US1TXDA0105","SACHSE 1.4 ESE, TX US","32.965494","-96.558626","153.0","2025-04-29",,,,
"USC00414182","HILLSBORO, TX US","32.0161","-97.1094","167.6","2025-04-29",,"28.3","18.9","22.2"
"USC00417206","POST, TX US","33.19847","-101.37463","792.8","2025-04-29",,"33.9","13.9","16.1"
"USW00013911","FORT WORTH NAS, TX US","32.76667","-97.45","185.3","2025-04-29",,"28.9","22.2",
"US1TXWA0028","BRENHAM 1.3 ESE, TX US","30.149728","-96.378305","90.2","2025-04-29",,,,
"US1TXWA0027","BRENHAM 8.7 NW, TX US","30.2454","-96.5051","143.0","2025-04-29",,,,
"US1TXYK0001","DENVER CITY 0.2 E, TX US","32.9697749018669","-102.826938405633","1092.4","2025-04-29",,,,
"US1TXWA0024","BRENHAM 0.7 E, TX US","30.158889","-96.384869","104.5","2025-04-29",,,,
"USC00411902","COLORADO BEND STATE PARK, TX US","31.05177","-98.50114","420.9","2025-04-29",,,,
"US1TXTG0034","SAN ANGELO 5.5 SSW, TX US","31.3721935451031","-100.488392114639","575.5","2025-04-29",,,,
"US1TXWA0021","BRENHAM 8.2 WSW, TX US","30.0963","-96.5126","110.0","2025-04-29",,,,
"US1TXDA0114","GARLAND 4.1 NW, TX US","32.9576101987191","-96.6715493397374","186.5","2025-04-29",,,,
"USC00417215","POTEET, TX US","29.028","-98.5686","129.5","2025-04-29",,"31.7","22.2","22.8"
"USC00416368","NIXON, TX US","29.2827","-97.7675","103.6","2025-04-29",,,,
"USC00416367","NIX STORE 1 W, TX US","31.10837","-98.38034","414.8","2025-04-29",,,,
"USW00013926","GREENVILLE MUNICIPAL AIRPORT MAJORS FIELD, TX US","33.06778","-96.06528","163.1","2025-04-29",,"27.2","21.1",
"US1TXWA0017","BRENHAM 9.9 N, TX US","30.30139","-96.421313","88.4","2025-04-29",,,,
"US1TXWA0015","CARMINE 3.1 WNW, TX US","30.15944444","-96.73944444","134.7","2025-04-29",,,,
"USC00411911","COLUMBUS, TX US","29.699","-96.573","68.6","2025-04-29",,"29.4","21.7","22.8"
"US1TXWA0014","WASHINGTON 8.6 SSW, TX US","30.221422","-96.222499","70.7","2025-04-29",,,,
"US1TXHRS024","MARSHALL 2.1 E, TX US","32.5332492","-94.3148021","110.6","2025-04-29",,,,
"US1TXCLH015","SEADRIFT 4.9 ENE, TX US","28.437781","-96.638999","3.7","2025-04-29",,,,
"US1TXCLH017","PORT O CONNOR 0.5 NW, TX US","28.451","-96.415","2.1","2025-04-29",,,,
"USC00418566","SPUR, TX US","33.4791","-100.8761","700.1","2025-04-29",,"30.6","15.0","16.7"
"US1TXHND012","ATHENS 10.8 SSW, TX US","32.06192367","-95.931299","131.7","2025-04-29",,,,
"US1TXCLH012","PORT LAVACA 6.8 W, TX US","28.6004","-96.73142","8.5","2025-04-29",,,,
"USC00419893","WOODSON, TX US","33.01786","-99.0541","378.6","2025-04-29",,,,
"USC00417232","PRADE RANCH, TX US","29.9167","-99.7908","625.4","2025-04-29",,"30.0","18.9","19.4"
"US1TXMNG035","PINEHURST 3.8 SE, TX US","30.1529655456543","-95.6572113037109","63.1","2025-04-29",,,,
"US1TXWA0009","CHAPPELL HILL 1.0 NW, TX US","30.15644","-96.26298","71.9","2025-04-29",,,,
"USC00411921","COMMERCE 4 SW, TX US","33.1997","-95.9283","167.6","2025-04-29",,,,
"US1TXWA0006","BRENHAM 8.0 E, TX US","30.1572","-96.2626","75.0","2025-04-29",,,,
"USC00411920","COMFORT 2, TX US","29.9615","-98.8945","436.8","2025-04-29",,,,
"USR0000TCLD","COLDSPRINGS TEXAS, TX US","30.3106","-95.0867","44.2","2025-04-29","23.4","28.9","19.4",
"USR0000TCLA","CLARKSVILLE TEXAS, TX US","33.6189","-95.1667","146.3","2025-04-29","23.9","27.8","20.6",
"US1TXWA0001","BURTON 6.9 SSW, TX US","30.081667","-96.623806","134.1","2025-04-29",,,,
"US1TXTG0053","SAN ANGELO 2.5 SW, TX US","31.425357","-100.487368","579.1","2025-04-29",,,,
"US1TXBLC038","STONEWALL 6.4 SE, TX US","30.1741","-98.5838","497.4","2025-04-29",,,,
"US1TXHRS019","HARLETON 4.6 WSW, TX US","32.660539","-94.65246","101.5","2025-04-29",,,,
"US1TXBLC042","SPICEWOOD 3.2 S, TX US","30.429279","-98.1634","323.1","2025-04-29",,,,
"US1TXHRS017","MARSHALL 3.1 E, TX US","32.53113","-94.29744","109.1","2025-04-29",,,,
"USC00415060","LAREDO 2, TX US","27.56838","-99.43295","146.9","2025-04-29",,"36.1","22.8","24.4"
"US1TXBLC041","BLANCO 8.0 E, TX US","30.11525","-98.289778","438.9","2025-04-29",,,,
"USR0000TCLM","COLEMAN TEXAS, TX US","31.5061","-99.6594","442.6","2025-04-29","26.0","32.2","20.6",
"US1TXHRS014","KARNACK 2.6 N, TX US","32.7060755342245","-94.168329834938","53.6","2025-04-29",,,,
"US1TXHRR168","PEARLAND 4.0 ENE, TX US","29.5761","-95.214","9.8","2025-04-29",,,,
"USC00417243","PRAIRIE MOUNTAIN, TX US","30.5768","-98.8766","441.4","2025-04-29",,,,
"US1TXMNG021","MONTGOMERY 0.4 N, TX US","30.39761667","-95.69545","76.2","2025-04-29",,,,
"USR0000TGUA","GUADELUPE PEAK TEXAS, TX US","31.925","-104.8253","2363.7","2025-04-29","13.7","18.9","8.9",
"US1TXMNG026","THE WOODLANDS 2.8 N, TX US","30.198522","-95.4958769","44.8","2025-04-29",,,,
"USC00419417","WACO DAM, TX US","31.6003","-97.2169","150.9","2025-04-29",,,,
"US1TXTG0047","SAN ANGELO 3.5 WSW, TX US","31.422788","-100.505278","585.8","2025-04-29",,,,
"US1TXHRR176","HOUSTON 4.7 WNW, TX US","29.805381","-95.452853","21.0","2025-04-29",,,,
"US1TXBLC047","BLANCO 4.7 SSE, TX US","30.040568","-98.382508","410.3","2025-04-29",,,,
"US1TXBLC048","JOHNSON CITY 3.5 NNW, TX US","30.32361111","-98.4225","397.2","2025-04-29",,,,
"US1TXBLC010","JOHNSON CITY 2.2 N, TX US","30.30546","-98.4088","358.1","2025-04-29",,,,
"USC00414140","HIGGINS, TX US","36.1162","-100.0238","781.5","2025-04-29",,,,
"USC00413291","FORT STOCKTON 38 SE, TX US","30.5599","-102.3653","905.6","2025-04-29",,,,
"USW00013962","ABILENE REGIONAL AIRPORT, TX US","32.41063","-99.68208","544.8","2025-04-29","24.6","30.0","20.6",
"USW00013961","FORT WORTH MEACHAM FIELD, TX US","32.82478","-97.36403","213.6","2025-04-29",,"27.8","21.1",
"USW00013960","DALLAS FAA AIRPORT, TX US","32.83839","-96.83583","147.6","2025-04-29","24.9","28.3","22.2",
"USC00413289","FORT WORTH NATURE CENTER, TX US","32.8472","-97.4761","187.5","2025-04-29",,"26.7","21.7","22.2"
"US1TXTG0072","SAN ANGELO 3.6 W, TX US","31.43812","-100.51291","587.7","2025-04-29",,,,
"USW00013959","WACO REGIONAL AIRPORT, TX US","31.61796","-97.2283","151.9","2025-04-29","24.8","28.9","21.7",
"USW00013958","AUSTIN CAMP MABRY, TX US","30.3208","-97.7604","204.2","2025-04-29",,"31.1","22.8",
"USR0000TGRE","GREENVILLE TEXAS, TX US","33.0353","-96.1639","136.2","2025-04-29","23.7","27.8","21.1",
"US1TXTG0075","SAN ANGELO 4.9 NE, TX US","31.491985","-100.389281","568.8","2025-04-29",,,,
"US1TXTG0078","SAN ANGELO 4.2 SW, TX US","31.404508","-100.503792","596.2","2025-04-29",,,,
"US1TXBLC020","JOHNSON CITY 7.9 WNW, TX US","30.3004","-98.5435","438.6","2025-04-29",,,,
"US1TXLV0032","HALLETTSVILLE 2.0 NNW, TX US","29.472297","-96.949647","83.5","2025-04-29",,,,
"US1TXAN0007","PALESTINE 1.8 ESE, TX US","31.744633","-95.619201","166.4","2025-04-29",,,,
"USW00013973","JUNCTION KIMBLE CO AIRPORT, TX US","30.51048","-99.76649","521.5","2025-04-29",,"31.1","21.1",
"USW00013972","TYLER POUNDS FIELD, TX US","32.3587","-95.404","159.5","2025-04-29",,"29.4","21.7",
"USC00417663","ROARING SPRINGS, TX US","33.90517","-100.85147","762.3","2025-04-29",,,,
"USC00415477","MADISONVILLE, TX US","30.9392","-95.9204","76.8","2025-04-29",,"30.0","20.0","22.2"
"USW00013966","WICHITA FALLS MUNICIPAL AIRPORT, TX US","33.97855","-98.49298","308.6","2025-04-29","23.2","27.8","16.7",
"US1TXBLC029","CYPRESS MILLS 3.1 SE, TX US","30.34274","-98.21875","319.4","2025-04-29",,,,
"US1TXLV0027","MOULTON 6.9 SE, TX US","29.5121612548828","-97.0535125732422","123.4","2025-04-29",,,,
"US1TXLV0028","YOAKUM 5.5 NNE, TX US","29.367197","-97.114166","101.2","2025-04-29",,,,
"US1TXLV0026","SHINER 4.1 NE, TX US","29.4770217686892","-97.1282862871885","100.3","2025-04-29",,,,
"US1TXBRZ018","ALVIN 1.6 SW, TX US","29.417609","-95.267347","13.1","2025-04-29",,,,
"US1TXBRZ021","ANGLETON 1.3 E, TX US","29.16962","-95.4068","7.3","2025-04-29",,,,
"USC00416335","NEW SUMMERFIELD 2 W, TX US","31.9747","-95.138","113.4","2025-04-29",,,,
"USC00418519","SPEAKS 2, TX US","29.2728","-96.6858","43.6","2025-04-29",,,,
"US1TXBRZ020","LAKE JACKSON 0.9 SSW, TX US","29.0295739","-95.4509935","3.0","2025-04-29",,,,
"USR0000TPAL","PALESTINE TEXAS, TX US","31.7425","-95.5717","115.8","2025-04-29","24.1","28.9","20.6",
"US1TXLV0031","MOULTON 0.3 S, TX US","29.566565","-97.145507","119.2","2025-04-29",,,,
"US1TXBSQ002","KOPPERL 5.2 WNW, TX US","32.11133333","-97.57533333","234.7","2025-04-29",,,,
"USR0000TPAN","PANTHER JUNCTION TEXAS, TX US","29.3167","-103.2","1143.0","2025-04-29","29.0","35.6","22.2",
"USR0000TCHI","CHISOS BASIN TEXAS, TX US","29.2667","-103.3","1645.9","2025-04-29","25.9","31.1","20.0",
"USC00417677","ROBSTOWN, TX US","27.7895","-97.662","25.9","2025-04-29",,,,
"US1TXLV0020","YOAKUM 6.2 NNE, TX US","29.3695","-97.0942","89.0","2025-04-29",,,,
"US1TXBLC004","JOHNSON CITY 7.3 W, TX US","30.258882","-98.527359","410.9","2025-04-29",,,,
"USR0000TCED","CEDAR TEXAS, TX US","35.6667","-101.5667","930.2","2025-04-29","13.7","17.2","10.6",
"US1TXHYS312","SAN MARCOS 8.7 WNW, TX US","29.934994","-98.059991","310.3","2025-04-29",,,,
"US1TXHRR117","TOMBALL 2.7 ENE, TX US","30.1134853363037","-95.5747985839844","49.7","2025-04-29",,,,
"US1TXOR0006","VIDOR 7.2 N, TX US","30.2327","-93.9818","8.8","2025-04-29",,,,
"US1TXBRK003","FALFURRIAS 8.9 SSW, TX US","27.1058789","-98.2058397","45.1","2025-04-29",,,,
"US1TXOR0008","ORANGE 2.1 SE, TX US","30.0804445","-93.7371527","2.1","2025-04-29",,,,
"US1TXHRR119","WEST UNIVERSITY PLACE 0.4 WNW, TX US","29.717979","-95.436928","15.8","2025-04-29",,,,
"US1TXJJ0029","BEAUMONT 4.8 NNW, TX US","30.153165","-94.169714","7.9","2025-04-29",,,,
"US1TXJJ0028","BEAUMONT 1.6 WNW, TX US","30.095373","-94.169918","6.7","2025-04-29",,,,
"US1TXCML232","NEW BRAUNFELS 10.7 NNE, TX US","29.853658","-98.067684","290.2","2025-04-29",,,,
"US1TXJJ0026","BEAUMONT 2.6 WSW, TX US","30.079059","-94.186018","7.9","2025-04-29",,,,
"USC00418139","SCOTLAND, TX US","33.6633","-98.4704","293.8","2025-04-29",,,,
"USC00411500","CARTHAGE, TX US","32.1615","-94.3398","93.0","2025-04-29",,"29.4","17.8","20.0"
"US1TXBST095","ELGIN 3.3 NE, TX US","30.376829","-97.326944","157.9","2025-04-29",,,,
"USC00410655","BELLVILLE 6 NNE, TX US","30.0316","-96.2166","85.3","2025-04-29",,"30.0","21.1","26.7"
"US1TXJJ0020","BEAUMONT 1.2 NW, TX US","30.100589","-94.157264","7.6","2025-04-29",,,,
"US1TXWM0126","TAYLOR 1.0 NNW, TX US","30.585012","-97.416311","173.4","2025-04-29",,,,
"US1TXCML237","NEW BRAUNFELS 1.6 S, TX US","29.6809199","-98.1206432","201.8","2025-04-29",,,,
"US1TXLT0008","KOSSE 4.0 E, TX US","31.31744","-96.562315","146.0","2025-04-29",,,,
"US1TXDN0008","FLOWER MOUND 2.3 NE, TX US","33.05617142","-97.07029724","180.1","2025-04-29",,,,
"US1TXLT0002","MEXIA 9.4 SSE, TX US","31.556142","-96.4251","140.8","2025-04-29",,,,
"US1TXDN0001","SHADY SHORES 3.9 N, TX US","33.219136","-97.05318","168.6","2025-04-29",,,,
"US1TXBST090","RED ROCK 1.2 N, TX US","29.9765","-97.449","146.9","2025-04-29",,,,
"US1TXDN0003","SANGER 5.4 NW, TX US","33.407","-97.25222","251.2","2025-04-29",,,,
"US1TXCML241","NEW BRAUNFELS 13.7 N, TX US","29.902357","-98.109291","335.0","2025-04-29",,,,
"US1TXCML243","NEW BRAUNFELS 12.2 NW, TX US","29.80583","-98.28306","399.9","2025-04-29",,,,
"US1TXBXR168","HOLLYWOOD PARK 4.3 ENE, TX US","29.620108","-98.416876","278.0","2025-04-29",,,,
"US1TXLT0011","MOUNT CALM 5.4 S, TX US","31.679675","-96.891537","171.0","2025-04-29",,,,
"US1TXLT0010","TEHUACANA 0.6 SSW, TX US","31.7355465","-96.547721","198.1","2025-04-29",,,,
"US1TXCML247","NEW BRAUNFELS 11.1 WNW, TX US","29.788746","-98.275652","345.3","2025-04-29",,,,
"USC00419499","WATER VALLEY, TX US","31.67253","-100.72832","644.7","2025-04-29",,"32.8","17.2","23.3"
"USW00053997","COMANCHE CO CITY AIRPORT, TX US","31.91667","-98.60028","423.1","2025-04-29",,"32.2","17.8",
"US1TXCML254","NEW BRAUNFELS 1.4 W, TX US","29.707897","-98.14063","196.0","2025-04-29",,,,
"USC00419007","THREE RIVERS 9 NE, TX US","28.5806","-98.1186","100.0","2025-04-29",,,,
"USC00411524","CASTOLON, TX US","29.13346","-103.51433","661.1","2025-04-29",,"40.6","25.0","27.2"
"US1TXCML257","SPRING BRANCH 2.4 SSW, TX US","29.810274","-98.425976","381.0","2025-04-29",,,,
"USR0000TCDD","CADDO TEXAS, TX US","33.7411","-95.9219","243.8","2025-04-29","23.7","27.8","20.0",
"US1TXHYS301","WIMBERLEY 12.2 NW, TX US","30.11337","-98.25152","395.0","2025-04-29",,,,
"US1TXHYS304","DRIPPING SPRINGS 5.4 ESE, TX US","30.1645","-98.00214","343.8","2025-04-29",,,,
"US1TXCHD006","CHILDRESS 6.0 E, TX US","34.416352","-100.143698","537.1","2025-04-29",,,,
"USR0000TTEX","TEXARKANA TEXAS, TX US","33.3739","-94.0456","61.0","2025-04-29","24.2","28.9","20.6",
"US1TXJJ0009","BEAUMONT 3.3 SW, TX US","30.052703","-94.181985","6.7","2025-04-29",,,,
"USC00410690","BENAVIDES NUMBER 2, TX US","27.5969","-98.4162","115.8","2025-04-29",,,,
"US1TXJJ0019","NEDERLAND 0.5 SSE, TX US","29.96349","-93.99415","4.3","2025-04-29",,,,
"US1TXJJ0018","BEAUMONT 0.8 NNE, TX US","30.098688","-94.138662","6.7","2025-04-29",,,,
"US1TXCML264","SPRING BRANCH 2.9 ESE, TX US","29.827222","-98.364167","374.0","2025-04-29",,,,
"US1TXCML265","SPRING BRANCH 1.8 SE, TX US","29.822778","-98.3875","374.3","2025-04-29",,,,
"US1TXZV0015","CRYSTAL CITY 0.5 ESE, TX US","28.68591","-99.81848","184.1","2025-04-29",,,,
"US1TXOR0001","BRIDGE CITY 1.3 NW, TX US","30.0428","-93.8675","7.9","2025-04-29",,,,
"US1TXJJ0014","PORT ARTHUR 7.0 N, TX US","29.927883","-93.924003","2.1","2025-04-29",,,,
"US1TXCML261","NEW BRAUNFELS 12.1 NW, TX US","29.807818","-98.28074","389.8","2025-04-29",,,,
"US1TXWM0135","GEORGETOWN 8.9 E, TX US","30.653002","-97.536597","202.7","2025-04-29",,,,
"US1TXHYS309","WIMBERLEY 5.2 ENE, TX US","30.0318277","-98.027894","338.9","2025-04-29",,,,
"US1TXCML268","CANYON LAKE 6.3 N, TX US","29.965667","-98.27547","389.5","2025-04-29",,,,
"USR0000TCAD","CADDO LAKE TEXAS, TX US","32.6583","-94.1164","61.0","2025-04-29","24.3","29.4","20.0",
"USR0000TGIL","GILMER TEXAS, TX US","32.7017","-94.9447","152.4","2025-04-29","24.6","28.9","21.7",
"US1TXDN0032","OAK POINT 1.4 NNW, TX US","33.200821","-97.003081","168.2","2025-04-29",,,,
"USC00418583","STAMFORD 1, TX US","32.94035","-99.80357","491.3","2025-04-29",,"31.1","16.7","16.7"
"US1TXHRS012","MARSHALL 9.7 SE, TX US","32.439976260066","-94.2302881926298","93.0","2025-04-29",,,,
"USC00410613","BEAUMONT RESEARCH CTR, TX US","30.06848","-94.29289","10.4","2025-04-29",,"29.4","20.0","23.9"
"USC00412809","ELDORADO, TX US","30.86941","-100.59957","743.7","2025-04-29",,"30.0","17.8","18.9"
"US1TXCML209","CANYON LAKE 8.5 NNW, TX US","29.97908","-98.33676","420.0","2025-04-29",,,,
"US1TXHRR147","SOUTH HOUSTON 3.0 S, TX US","29.617161","-95.234062","12.5","2025-04-29",,,,
"US1TXBZS088","BRYAN 3.5 NNW, TX US","30.713755","-96.3901489","111.3","2025-04-29",,,,
"US1TXCML206","NEW BRAUNFELS 4.2 WNW, TX US","29.7275","-98.182778","270.1","2025-04-29",,,,
"USC00411956","CONROE, TX US","30.3302","-95.4831","74.7","2025-04-29",,"30.0","21.7","27.2"
"US1TXCML203","GARDEN RIDGE 3.3 NW, TX US","29.6696","-98.33158","312.1","2025-04-29",,,,
"US1TXCML204","NEW BRAUNFELS 4.2 WNW, TX US","29.732562","-98.179332","270.1","2025-04-29",,,,
"US1TXES0002","CISCO 4.1 N, TX US","32.44384","-98.986634","470.3","2025-04-29",,,,
"US1TXLT0013","THORNTON 14.1 ESE, TX US","31.368804","-96.340201","113.4","2025-04-29",,,,
"US1TXLT0014","MEXIA 6.7 WSW, TX US","31.656944","-96.59111","140.5","2025-04-29",,,,
"USC00415094","LAVON DAM, TX US","33.0352","-96.4861","155.4","2025-04-29",,,,
"US1TXES0003","RISING STAR 0.3 NW, TX US","32.099642","-98.96964","505.7","2025-04-29",,,,
"US1TXDN0015","SANGER 1.8 WSW, TX US","33.350424","-97.206263","210.9","2025-04-29",,,,
"US1TXBZS098","BRYAN 7.1 N, TX US","30.771412","-96.373385","104.5","2025-04-29",,,,
"US1TXBZS099","BRYAN 3.8 SSW, TX US","30.6216","-96.399","93.9","2025-04-29",,,,
"US1TXBXR192","HELOTES 2.4 NNW, TX US","29.599","-98.7127","367.9","2025-04-29",,,,
"US1TXCML219","NEW BRAUNFELS 8.6 WNW, TX US","29.74812","-98.252219","342.3","2025-04-29",,,,
"USC00411968","COOPER DAM, TX US","33.3191","-95.6038","141.1","2025-04-29",,"27.2","21.1","21.1"
"US1TXCML213","CANYON LAKE 2.7 ESE, TX US","29.853755","-98.225191","319.7","2025-04-29",,,,
"USC00410639","BEEVILLE 5 NE, TX US","28.4575","-97.7061","77.7","2025-04-29",,"30.0","22.2","23.9"
"US1TXCTT001","CHILDRESS 14.0 SSW, TX US","34.22879","-100.3096","547.1","2025-04-29",,,,
"US1TXCML215","CANYON LAKE 6.8 NNW, TX US","29.961576","-98.314812","368.5","2025-04-29",,,,
"US1TXHRR122","MISSION BEND 0.8 N, TX US","29.7054","-95.6652","27.7","2025-04-29",,,,
"US1TXHRR124","SPRING 7.1 WSW, TX US","30.0074653625488","-95.4846343994141","34.7","2025-04-29",,,,
"US1TXDN0021","LINCOLN PARK 0.8 ENE, TX US","33.228153","-96.959736","176.2","2025-04-29",,,,
"USC00411970","COOPER, TX US","33.3744","-95.6933","148.1","2025-04-29",,,,
"USW00013904","AUSTIN BERGSTROM INTERNATIONAL AIRPORT, TX US","30.18311","-97.67989","146.5","2025-04-29","25.5","30.6","22.2",
"US1TXCML222","NEW BRAUNFELS 2.6 W, TX US","29.7046","-98.16012","257.9","2025-04-29",,,,
"US1TXBXR184","SAN ANTONIO 8.0 NNW, TX US","29.5291058449486","-98.552942276001","281.6","2025-04-29",,,,
"USC00411974","COPE RANCH, TX US","31.5333","-101.2842","755.9","2025-04-29",,"30.6","19.4","21.7"
"US1TXBXR180","LEON SPRINGS 2.6 N, TX US","29.70241111","-98.63691667","389.5","2025-04-29",,,,
"US1TXTG0005","KNICKERBOCKER 3.2 SW, TX US","31.2467","-100.67229","636.1","2025-04-29",,,,
"US1TXCML229","SPRING BRANCH 2.6 ESE, TX US","29.822","-98.3728","400.8","2025-04-29",,,,
